<?xml version="1.0" encoding="UTF-8"?>
<CustomField xmlns="http://soap.sforce.com/2006/04/metadata">
    <fullName>Account_Category__c</fullName>
    <label>Account Category</label>
    <required>false</required>
    <trackTrending>false</trackTrending>
    <type>Picklist</type>
    <valueSet>
        <restricted>true</restricted>
        <valueSetDefinition>
            <sorted>false</sorted>
            <value>
                <fullName>Module</fullName>
                <default>false</default>
                <label>Module</label>
            </value>
            <value>
                <fullName>ETUDES</fullName>
                <default>false</default>
                <label>ETUDES</label>
            </value>
            <value>
                <fullName>AFFAIRES</fullName>
                <default>false</default>
                <label>AFFAIRES</label>
            </value>
            <value>
                <fullName>RD</fullName>
                <default>false</default>
                <label>RD</label>
            </value>
        </valueSetDefinition>
    </valueSet>
</CustomField>
