<?xml version="1.0" encoding="UTF-8"?>
<CustomField xmlns="http://soap.sforce.com/2006/04/metadata">
    <fullName>Bill__c</fullName>
    <label>Vendor invoice/ Bill</label>
    <referenceTo>Bill__c</referenceTo>
    <relationshipLabel>Bill Line Items</relationshipLabel>
    <relationshipName>Bill_Line_Items</relationshipName>
    <relationshipOrder>0</relationshipOrder>
    <reparentableMasterDetail>true</reparentableMasterDetail>
    <trackTrending>false</trackTrending>
    <type>MasterDetail</type>
    <writeRequiresMasterRead>false</writeRequiresMasterRead>
</CustomField>
