<?xml version="1.0" encoding="UTF-8"?>
<CustomField xmlns="http://soap.sforce.com/2006/04/metadata">
    <fullName>Expense_Type__c</fullName>
    <label>Expense Type</label>
    <required>false</required>
    <trackTrending>false</trackTrending>
    <type>Picklist</type>
    <valueSet>
        <controllingField>Item_Type__c</controllingField>
        <valueSetDefinition>
            <sorted>false</sorted>
            <value>
                <fullName>Miscellaneous</fullName>
                <default>false</default>
                <label>Miscellaneous</label>
            </value>
            <value>
                <fullName>Rent</fullName>
                <default>false</default>
                <label>Rent</label>
            </value>
            <value>
                <fullName>Transportation</fullName>
                <default>false</default>
                <label>Transportation</label>
            </value>
            <value>
                <fullName>Travel</fullName>
                <default>false</default>
                <label>Travel</label>
            </value>
        </valueSetDefinition>
        <valueSettings>
            <controllingFieldValue>Expense</controllingFieldValue>
            <valueName>Miscellaneous</valueName>
        </valueSettings>
        <valueSettings>
            <controllingFieldValue>Expense</controllingFieldValue>
            <valueName>Rent</valueName>
        </valueSettings>
        <valueSettings>
            <controllingFieldValue>Expense</controllingFieldValue>
            <valueName>Transportation</valueName>
        </valueSettings>
        <valueSettings>
            <controllingFieldValue>Expense</controllingFieldValue>
            <valueName>Travel</valueName>
        </valueSettings>
    </valueSet>
</CustomField>
