<?xml version="1.0" encoding="UTF-8"?>
<CustomField xmlns="http://soap.sforce.com/2006/04/metadata">
    <fullName>Inventory_Reconciled_Quantity__c</fullName>
    <label>Inventory Reconciled Quantity</label>
    <summarizedField>Inventory_Reconcilation__c.Quantity__c</summarizedField>
    <summaryForeignKey>Inventory_Reconcilation__c.Bill_Line_Item__c</summaryForeignKey>
    <summaryOperation>sum</summaryOperation>
    <trackTrending>false</trackTrending>
    <type>Summary</type>
</CustomField>
