<?xml version="1.0" encoding="UTF-8"?>
<CustomField xmlns="http://soap.sforce.com/2006/04/metadata">
    <fullName>Item_Type__c</fullName>
    <label>Item Type</label>
    <required>false</required>
    <trackTrending>false</trackTrending>
    <type>Picklist</type>
    <valueSet>
        <restricted>true</restricted>
        <valueSetDefinition>
            <sorted>false</sorted>
            <value>
                <fullName>Item</fullName>
                <default>false</default>
                <label>Item</label>
            </value>
            <value>
                <fullName>Expense</fullName>
                <default>false</default>
                <label>Expense</label>
            </value>
        </valueSetDefinition>
    </valueSet>
</CustomField>
