<?xml version="1.0" encoding="UTF-8"?>
<CustomField xmlns="http://soap.sforce.com/2006/04/metadata">
    <fullName>Purchase_Order_Line_Items__c</fullName>
    <deleteConstraint>SetNull</deleteConstraint>
    <label>Purchase Order Line Items</label>
    <referenceTo>Purchase_Line_Items__c</referenceTo>
    <relationshipLabel>Bill Line Items</relationshipLabel>
    <relationshipName>Vendor_invoice_Line_Items</relationshipName>
    <required>false</required>
    <trackTrending>false</trackTrending>
    <type>Lookup</type>
</CustomField>
