<?xml version="1.0" encoding="UTF-8"?>
<CustomField xmlns="http://soap.sforce.com/2006/04/metadata">
    <fullName>TDS_Account__c</fullName>
    <deleteConstraint>SetNull</deleteConstraint>
    <label>TDS Account</label>
    <referenceTo>Chart_of_Accounts__c</referenceTo>
    <relationshipLabel>Bill Line Items (TDS Account)</relationshipLabel>
    <relationshipName>Bill_Line_Items1</relationshipName>
    <required>false</required>
    <trackTrending>false</trackTrending>
    <type>Lookup</type>
</CustomField>
