<?xml version="1.0" encoding="UTF-8"?>
<CustomField xmlns="http://soap.sforce.com/2006/04/metadata">
    <fullName>Company__c</fullName>
    <deleteConstraint>SetNull</deleteConstraint>
    <label>Company</label>
    <lookupFilter>
        <active>true</active>
        <booleanFilter>1 OR 2 OR 3</booleanFilter>
        <filterItems>
            <field>Account.Account_Type__c</field>
            <operation>equals</operation>
            <value>Company</value>
        </filterItems>
        <filterItems>
            <field>$User.Company__c</field>
            <operation>equals</operation>
            <value>Solo</value>
        </filterItems>
        <filterItems>
            <field>Account.Account_Type__c</field>
            <operation>equals</operation>
            <value>Company/Vendor</value>
        </filterItems>
        <isOptional>true</isOptional>
    </lookupFilter>
    <referenceTo>Account</referenceTo>
    <relationshipLabel>Purchase Orders (Company)</relationshipLabel>
    <relationshipName>Purchase_Orders1</relationshipName>
    <required>false</required>
    <trackHistory>false</trackHistory>
    <trackTrending>false</trackTrending>
    <type>Lookup</type>
</CustomField>
