<?xml version="1.0" encoding="UTF-8"?>
<CustomField xmlns="http://soap.sforce.com/2006/04/metadata">
    <fullName>EmployeeRequester__c</fullName>
    <deleteConstraint>SetNull</deleteConstraint>
    <label>Employee Requester</label>
    <lookupFilter>
        <active>true</active>
        <booleanFilter>1 OR 2</booleanFilter>
        <filterItems>
            <field>Employees__c.Company__c</field>
            <operation>equals</operation>
            <valueField>$Source.Company__c</valueField>
        </filterItems>
        <filterItems>
            <field>$User.Company__c</field>
            <operation>equals</operation>
            <value>Solo</value>
        </filterItems>
        <isOptional>true</isOptional>
    </lookupFilter>
    <referenceTo>Employees__c</referenceTo>
    <relationshipLabel>Purchase Orders</relationshipLabel>
    <relationshipName>Purchase_Orders</relationshipName>
    <required>false</required>
    <trackHistory>false</trackHistory>
    <trackTrending>false</trackTrending>
    <type>Lookup</type>
</CustomField>
