<?xml version="1.0" encoding="UTF-8"?>
<CustomField xmlns="http://soap.sforce.com/2006/04/metadata">
    <fullName>Non_Inventory_Items__c</fullName>
    <label>Non Inventory Items</label>
    <summarizedField>Purchase_Line_Items__c.Quantity__c</summarizedField>
    <summaryFilterItems>
        <field>Purchase_Line_Items__c.Inventory_Product__c</field>
        <operation>equals</operation>
        <value>False</value>
    </summaryFilterItems>
    <summaryForeignKey>Purchase_Line_Items__c.Purchase_Orders__c</summaryForeignKey>
    <summaryOperation>sum</summaryOperation>
    <trackHistory>false</trackHistory>
    <trackTrending>false</trackTrending>
    <type>Summary</type>
</CustomField>
