<?xml version="1.0" encoding="UTF-8"?>
<CustomField xmlns="http://soap.sforce.com/2006/04/metadata">
    <fullName>Organisation__c</fullName>
    <deleteConstraint>SetNull</deleteConstraint>
    <label>Organisation</label>
    <referenceTo>Account</referenceTo>
    <relationshipLabel>Purchase Orders (Organisation)</relationshipLabel>
    <relationshipName>Purchase_Orders3</relationshipName>
    <required>false</required>
    <trackHistory>false</trackHistory>
    <trackTrending>false</trackTrending>
    <type>Lookup</type>
</CustomField>
