<?xml version="1.0" encoding="UTF-8"?>
<CustomField xmlns="http://soap.sforce.com/2006/04/metadata">
    <fullName>Purchase_Type__c</fullName>
    <label>Purchase Type</label>
    <required>false</required>
    <trackHistory>false</trackHistory>
    <trackTrending>false</trackTrending>
    <type>Picklist</type>
    <valueSet>
        <restricted>true</restricted>
        <valueSetDefinition>
            <sorted>false</sorted>
            <value>
                <fullName>UNKNOWN</fullName>
                <default>false</default>
                <label>UNKNOWN</label>
            </value>
            <value>
                <fullName>UPS Letter</fullName>
                <default>false</default>
                <label>UPS Letter</label>
            </value>
            <value>
                <fullName>Package</fullName>
                <default>false</default>
                <label>Package</label>
            </value>
            <value>
                <fullName>Tube</fullName>
                <default>false</default>
                <label>Tube</label>
            </value>
            <value>
                <fullName>Pak</fullName>
                <default>false</default>
                <label>Pak</label>
            </value>
            <value>
                <fullName>Express Box</fullName>
                <default>false</default>
                <label>Express Box</label>
            </value>
            <value>
                <fullName>25KG Box</fullName>
                <default>false</default>
                <label>25KG Box</label>
            </value>
            <value>
                <fullName>10KG Box</fullName>
                <default>false</default>
                <label>10KG Box</label>
            </value>
            <value>
                <fullName>Small Express Box</fullName>
                <default>false</default>
                <label>Small Express Box</label>
            </value>
            <value>
                <fullName>Medium Express Box</fullName>
                <default>false</default>
                <label>Medium Express Box</label>
            </value>
            <value>
                <fullName>Large Express Box</fullName>
                <default>false</default>
                <label>Large Express Box</label>
            </value>
            <value>
                <fullName>Pallet</fullName>
                <default>false</default>
                <label>Pallet</label>
            </value>
            <value>
                <fullName>Box</fullName>
                <default>false</default>
                <label>Box</label>
            </value>
            <value>
                <fullName>Envelope</fullName>
                <default>false</default>
                <label>Envelope</label>
            </value>
            <value>
                <fullName>FedEx® Envelope</fullName>
                <default>false</default>
                <label>FedEx® Envelope</label>
            </value>
            <value>
                <fullName>FedEx® Pak</fullName>
                <default>false</default>
                <label>FedEx® Pak</label>
            </value>
            <value>
                <fullName>FedEx® Padded Pak</fullName>
                <default>false</default>
                <label>FedEx® Padded Pak</label>
            </value>
            <value>
                <fullName>FedEx® XL Pak</fullName>
                <default>false</default>
                <label>FedEx® XL Pak</label>
            </value>
            <value>
                <fullName>FedEx® Small Box</fullName>
                <default>false</default>
                <label>FedEx® Small Box</label>
            </value>
            <value>
                <fullName>FedEx® Medium Box</fullName>
                <default>false</default>
                <label>FedEx® Medium Box</label>
            </value>
            <value>
                <fullName>FedEx® Large Box</fullName>
                <default>false</default>
                <label>FedEx® Large Box</label>
            </value>
            <value>
                <fullName>FedEx® A4 Box</fullName>
                <default>false</default>
                <label>FedEx® A4 Box</label>
            </value>
            <value>
                <fullName>FedEx® 10kg Box</fullName>
                <default>false</default>
                <label>FedEx® 10kg Box</label>
            </value>
            <value>
                <fullName>FedEx® 25kg Box</fullName>
                <default>false</default>
                <label>FedEx® 25kg Box</label>
            </value>
            <value>
                <fullName>FedEx® UN 3373 Pak</fullName>
                <default>false</default>
                <label>FedEx® UN 3373 Pak</label>
            </value>
            <value>
                <fullName>FedEx® Tube</fullName>
                <default>false</default>
                <label>FedEx® Tube</label>
            </value>
            <value>
                <fullName>Non-Standard Container</fullName>
                <default>false</default>
                <label>Non-Standard Container</label>
            </value>
        </valueSetDefinition>
    </valueSet>
</CustomField>
