<?xml version="1.0" encoding="UTF-8"?>
<CustomField xmlns="http://soap.sforce.com/2006/04/metadata">
    <fullName>Putaway_Quantity__c</fullName>
    <label>Putaway Quantity</label>
    <summarizedField>Purchase_Line_Items__c.Putaway_Quantity__c</summarizedField>
    <summaryForeignKey>Purchase_Line_Items__c.Purchase_Orders__c</summaryForeignKey>
    <summaryOperation>sum</summaryOperation>
    <trackHistory>false</trackHistory>
    <trackTrending>false</trackTrending>
    <type>Summary</type>
</CustomField>
