<?xml version="1.0" encoding="UTF-8"?>
<CustomField xmlns="http://soap.sforce.com/2006/04/metadata">
    <fullName>Shipment_Type__c</fullName>
    <label>Shipment Type</label>
    <required>false</required>
    <trackHistory>false</trackHistory>
    <trackTrending>false</trackTrending>
    <type>Picklist</type>
    <valueSet>
        <restricted>true</restricted>
        <valueSetDefinition>
            <sorted>false</sorted>
            <value>
                <fullName>UPS</fullName>
                <default>false</default>
                <label>UPS</label>
            </value>
            <value>
                <fullName>FedEx</fullName>
                <default>false</default>
                <label>FedEx</label>
            </value>
            <value>
                <fullName>USPS</fullName>
                <default>false</default>
                <label>USPS</label>
            </value>
            <value>
                <fullName>DHL</fullName>
                <default>false</default>
                <label>DHL</label>
            </value>
            <value>
                <fullName>--None--</fullName>
                <default>false</default>
                <isActive>false</isActive>
                <label>--None--</label>
            </value>
        </valueSetDefinition>
    </valueSet>
</CustomField>
