<?xml version="1.0" encoding="UTF-8"?>
<CustomField xmlns="http://soap.sforce.com/2006/04/metadata">
    <fullName>Stage__c</fullName>
    <label>Stage</label>
    <required>false</required>
    <trackHistory>false</trackHistory>
    <trackTrending>false</trackTrending>
    <type>Picklist</type>
    <valueSet>
        <restricted>true</restricted>
        <valueSetDefinition>
            <sorted>false</sorted>
            <value>
                <fullName>In Review</fullName>
                <default>false</default>
                <label>In Review</label>
            </value>
            <value>
                <fullName>PO Sent To Vendor</fullName>
                <default>false</default>
                <label>PO Sent To Vendor</label>
            </value>
            <value>
                <fullName>Logistic Not Initiated</fullName>
                <default>false</default>
                <label>Logistic Not Initiated</label>
            </value>
            <value>
                <fullName>Received</fullName>
                <default>false</default>
                <label>Received</label>
            </value>
            <value>
                <fullName>Partially Received</fullName>
                <default>false</default>
                <label>Partially Received</label>
            </value>
            <value>
                <fullName>Closed</fullName>
                <default>false</default>
                <label>Closed</label>
            </value>
            <value>
                <fullName>Ready to Bill</fullName>
                <default>false</default>
                <label>Ready to Bill</label>
            </value>
            <value>
                <fullName>Not Yet Received</fullName>
                <default>false</default>
                <label>Not Yet Received</label>
            </value>
            <value>
                <fullName>On Hold</fullName>
                <default>false</default>
                <label>On Hold</label>
            </value>
            <value>
                <fullName>Logistic Create</fullName>
                <default>false</default>
                <label>Logistic Create</label>
            </value>
        </valueSetDefinition>
    </valueSet>
</CustomField>
