<?xml version="1.0" encoding="UTF-8"?>
<CustomField xmlns="http://soap.sforce.com/2006/04/metadata">
    <fullName>Status__c</fullName>
    <label>Status</label>
    <required>false</required>
    <trackHistory>false</trackHistory>
    <trackTrending>false</trackTrending>
    <type>Picklist</type>
    <valueSet>
        <valueSetDefinition>
            <sorted>false</sorted>
            <value>
                <fullName>Draft</fullName>
                <default>false</default>
                <label>Draft</label>
            </value>
            <value>
                <fullName>Logged</fullName>
                <default>false</default>
                <label>Logged</label>
            </value>
            <value>
                <fullName>Assigned</fullName>
                <default>false</default>
                <label>Assigned</label>
            </value>
            <value>
                <fullName>Approved</fullName>
                <default>false</default>
                <label>Approved</label>
            </value>
            <value>
                <fullName>Rejected</fullName>
                <default>false</default>
                <label>Rejected</label>
            </value>
            <value>
                <fullName>In Progress</fullName>
                <default>false</default>
                <label>In Progress</label>
            </value>
            <value>
                <fullName>Booked</fullName>
                <default>false</default>
                <label>Booked</label>
            </value>
            <value>
                <fullName>Closed</fullName>
                <default>false</default>
                <label>Closed</label>
            </value>
            <value>
                <fullName>Cancelled</fullName>
                <default>false</default>
                <label>Cancelled</label>
            </value>
            <value>
                <fullName>Supplier Accepted</fullName>
                <default>false</default>
                <label>Supplier Accepted</label>
            </value>
            <value>
                <fullName>Reconciled</fullName>
                <default>false</default>
                <label>Reconciled</label>
            </value>
            <value>
                <fullName>Submitted for Approval</fullName>
                <default>false</default>
                <label>Submitted for Approval</label>
            </value>
        </valueSetDefinition>
    </valueSet>
</CustomField>
