<?xml version="1.0" encoding="UTF-8"?>
<CustomField xmlns="http://soap.sforce.com/2006/04/metadata">
    <fullName>Vendor_Address__c</fullName>
    <deleteConstraint>SetNull</deleteConstraint>
    <label>Vendor Address</label>
    <referenceTo>Address__c</referenceTo>
    <relationshipLabel>Purchase Orders (Vendor Address)</relationshipLabel>
    <relationshipName>Purchase_Orders2</relationshipName>
    <required>false</required>
    <trackHistory>false</trackHistory>
    <trackTrending>false</trackTrending>
    <type>Lookup</type>
</CustomField>
