<?xml version="1.0" encoding="UTF-8"?>
<Flow xmlns="http://soap.sforce.com/2006/04/metadata">
    <apiVersion>54.0</apiVersion>
    <formulas>
        <name>Update_Name_with_Year_and_Month</name>
        <dataType>String</dataType>
        <expression>Text(YEAR({!$Record.Start_Date__c}))&amp;&apos;-&apos;&amp; if(LEN(Text(MONTH({!$Record.Start_Date__c})))&gt;1,Text(MONTH({!$Record.Start_Date__c})),&apos;0&apos;&amp;Text(MONTH({!$Record.Start_Date__c})))</expression>
    </formulas>
    <interviewLabel>Accounting Period Flow {!$Flow.CurrentDateTime}</interviewLabel>
    <label>Accounting Period Flow</label>
    <processMetadataValues>
        <name>BuilderType</name>
        <value>
            <stringValue>LightningFlowBuilder</stringValue>
        </value>
    </processMetadataValues>
    <processMetadataValues>
        <name>CanvasMode</name>
        <value>
            <stringValue>AUTO_LAYOUT_CANVAS</stringValue>
        </value>
    </processMetadataValues>
    <processMetadataValues>
        <name>OriginBuilderType</name>
        <value>
            <stringValue>LightningFlowBuilder</stringValue>
        </value>
    </processMetadataValues>
    <processType>AutoLaunchedFlow</processType>
    <recordUpdates>
        <name>Update_Name_with_Year_and_Months</name>
        <label>Update Name with Year and Months</label>
        <locationX>176</locationX>
        <locationY>311</locationY>
        <inputAssignments>
            <field>Name</field>
            <value>
                <elementReference>Update_Name_with_Year_and_Month</elementReference>
            </value>
        </inputAssignments>
        <inputReference>$Record</inputReference>
    </recordUpdates>
    <start>
        <locationX>50</locationX>
        <locationY>0</locationY>
        <connector>
            <targetReference>Update_Name_with_Year_and_Months</targetReference>
        </connector>
        <filterLogic>and</filterLogic>
        <filters>
            <field>CreatedById</field>
            <operator>NotEqualTo</operator>
            <value>
                <stringValue>null</stringValue>
            </value>
        </filters>
        <object>Accounting_Period__c</object>
        <recordTriggerType>Create</recordTriggerType>
        <triggerType>RecordBeforeSave</triggerType>
    </start>
    <status>Obsolete</status>
</Flow>
