<?xml version="1.0" encoding="UTF-8"?>
<Flow xmlns="http://soap.sforce.com/2006/04/metadata">
    <apiVersion>56.0</apiVersion>
    <assignments>
        <name>assign_order_Ids_to_package</name>
        <label>assign order Ids to package</label>
        <locationX>176</locationX>
        <locationY>455</locationY>
        <assignmentItems>
            <assignToReference>Package2Update.Id</assignToReference>
            <operator>Assign</operator>
            <value>
                <elementReference>get_package.Id</elementReference>
            </value>
        </assignmentItems>
        <assignmentItems>
            <assignToReference>Package2Update.Multi_Order_Ids__c</assignToReference>
            <operator>Assign</operator>
            <value>
                <elementReference>OrderIds</elementReference>
            </value>
        </assignmentItems>
        <connector>
            <targetReference>Update_Package</targetReference>
        </connector>
    </assignments>
    <formulas>
        <name>OrderIds</name>
        <dataType>String</dataType>
        <expression>if(({!get_package.Multi_Order_Ids__c} == null || {!get_package.Multi_Order_Ids__c} == &apos;&apos;),{!$Record.Order__c},if(CONTAINS({!get_package.Multi_Order_Ids__c},{!$Record.Order__c}),{!get_package.Multi_Order_Ids__c},{!get_package.Multi_Order_Ids__c}+&apos;,&apos;+{!$Record.Order__c}))</expression>
    </formulas>
    <interviewLabel>Assign orders on package {!$Flow.CurrentDateTime}</interviewLabel>
    <label>Assign orders on package</label>
    <processMetadataValues>
        <name>BuilderType</name>
        <value>
            <stringValue>LightningFlowBuilder</stringValue>
        </value>
    </processMetadataValues>
    <processMetadataValues>
        <name>CanvasMode</name>
        <value>
            <stringValue>AUTO_LAYOUT_CANVAS</stringValue>
        </value>
    </processMetadataValues>
    <processMetadataValues>
        <name>OriginBuilderType</name>
        <value>
            <stringValue>LightningFlowBuilder</stringValue>
        </value>
    </processMetadataValues>
    <processType>AutoLaunchedFlow</processType>
    <recordLookups>
        <name>get_package</name>
        <label>get package</label>
        <locationX>176</locationX>
        <locationY>335</locationY>
        <assignNullValuesIfNoRecordsFound>false</assignNullValuesIfNoRecordsFound>
        <connector>
            <targetReference>assign_order_Ids_to_package</targetReference>
        </connector>
        <filterLogic>and</filterLogic>
        <filters>
            <field>Id</field>
            <operator>EqualTo</operator>
            <value>
                <elementReference>$Record.Package__c</elementReference>
            </value>
        </filters>
        <getFirstRecordOnly>true</getFirstRecordOnly>
        <object>Package__c</object>
        <storeOutputAutomatically>true</storeOutputAutomatically>
    </recordLookups>
    <recordUpdates>
        <name>Update_Package</name>
        <label>Update Package</label>
        <locationX>176</locationX>
        <locationY>575</locationY>
        <inputReference>Package2Update</inputReference>
    </recordUpdates>
    <start>
        <locationX>50</locationX>
        <locationY>0</locationY>
        <connector>
            <targetReference>get_package</targetReference>
        </connector>
        <filterLogic>and</filterLogic>
        <filters>
            <field>Order__c</field>
            <operator>IsNull</operator>
            <value>
                <booleanValue>false</booleanValue>
            </value>
        </filters>
        <filters>
            <field>Package__c</field>
            <operator>IsNull</operator>
            <value>
                <booleanValue>false</booleanValue>
            </value>
        </filters>
        <object>Package_List__c</object>
        <recordTriggerType>CreateAndUpdate</recordTriggerType>
        <triggerType>RecordAfterSave</triggerType>
    </start>
    <status>Obsolete</status>
    <variables>
        <name>Package2Update</name>
        <dataType>SObject</dataType>
        <isCollection>false</isCollection>
        <isInput>false</isInput>
        <isOutput>false</isOutput>
        <objectType>Package__c</objectType>
    </variables>
</Flow>
