<?xml version="1.0" encoding="UTF-8"?>
<Flow xmlns="http://soap.sforce.com/2006/04/metadata">
    <apiVersion>55.0</apiVersion>
    <assignments>
        <name>Average_Price</name>
        <label>Average Price</label>
        <locationX>964</locationX>
        <locationY>833</locationY>
        <assignmentItems>
            <assignToReference>sumofPrice</assignToReference>
            <operator>Add</operator>
            <value>
                <elementReference>Calculate_average_price.Total_Cost_Price__c</elementReference>
            </value>
        </assignmentItems>
        <assignmentItems>
            <assignToReference>SumofQuantity</assignToReference>
            <operator>Add</operator>
            <value>
                <elementReference>Calculate_average_price.Number_of_Item_Purchased_In__c</elementReference>
            </value>
        </assignmentItems>
        <connector>
            <targetReference>Calculate_average_price</targetReference>
        </connector>
    </assignments>
    <assignments>
        <name>Update_Unit_Price</name>
        <label>Update Unit Price</label>
        <locationX>726</locationX>
        <locationY>1199</locationY>
        <assignmentItems>
            <assignToReference>UnitPrice</assignToReference>
            <operator>Assign</operator>
            <value>
                <elementReference>UnitPriceformula</elementReference>
            </value>
        </assignmentItems>
        <connector>
            <targetReference>Update_Cost_Price</targetReference>
        </connector>
    </assignments>
    <decisions>
        <name>Check_Estimated_Manufacturing_cost</name>
        <label>Check Estimated Manufacturing cost</label>
        <locationX>400</locationX>
        <locationY>457</locationY>
        <defaultConnector>
            <targetReference>Estimated_MO_Price_0_0</targetReference>
        </defaultConnector>
        <defaultConnectorLabel>Default Outcome</defaultConnectorLabel>
        <rules>
            <name>has_estimated_manufacturing_order</name>
            <conditionLogic>and</conditionLogic>
            <conditions>
                <leftValueReference>$Record.Product__r.Estimated_Manufacturing_Cost__c</leftValueReference>
                <operator>GreaterThan</operator>
                <rightValue>
                    <numberValue>0.0</numberValue>
                </rightValue>
            </conditions>
            <connector>
                <targetReference>Estimated_MO_Price_0</targetReference>
            </connector>
            <label>has estimated manufacturing order</label>
        </rules>
    </decisions>
    <decisions>
        <name>Check_for_Manufacturing_Product</name>
        <label>Check for Manufacturing Product</label>
        <locationX>616</locationX>
        <locationY>383</locationY>
        <defaultConnector>
            <targetReference>Fetch_Inventory_Record</targetReference>
        </defaultConnector>
        <defaultConnectorLabel>Default Outcome</defaultConnectorLabel>
        <rules>
            <name>Mo_Product</name>
            <conditionLogic>and</conditionLogic>
            <conditions>
                <leftValueReference>$Record.Product__c</leftValueReference>
                <operator>IsNull</operator>
                <rightValue>
                    <booleanValue>false</booleanValue>
                </rightValue>
            </conditions>
            <conditions>
                <leftValueReference>$Record.Product__r.Issue_Manufacturing_Order__c</leftValueReference>
                <operator>EqualTo</operator>
                <rightValue>
                    <booleanValue>true</booleanValue>
                </rightValue>
            </conditions>
            <conditions>
                <leftValueReference>$Record.Product__r.Estimated_Manufacturing_Cost__c</leftValueReference>
                <operator>IsNull</operator>
                <rightValue>
                    <booleanValue>false</booleanValue>
                </rightValue>
            </conditions>
            <conditions>
                <leftValueReference>$Record.Product__r.Estimated_Manufacturing_Cost__c</leftValueReference>
                <operator>GreaterThan</operator>
                <rightValue>
                    <numberValue>0.0</numberValue>
                </rightValue>
            </conditions>
            <connector>
                <targetReference>Check_Estimated_Manufacturing_cost</targetReference>
            </connector>
            <label>Mo Product</label>
        </rules>
    </decisions>
    <decisions>
        <name>Check_for_Null_Condition</name>
        <label>Check for Null Condition</label>
        <locationX>881</locationX>
        <locationY>654</locationY>
        <defaultConnector>
            <targetReference>Update_Cost_Price_0</targetReference>
        </defaultConnector>
        <defaultConnectorLabel>Default Outcome</defaultConnectorLabel>
        <rules>
            <name>Inventory</name>
            <conditionLogic>and</conditionLogic>
            <conditions>
                <leftValueReference>Fetch_Inventory_Record</leftValueReference>
                <operator>IsNull</operator>
                <rightValue>
                    <booleanValue>false</booleanValue>
                </rightValue>
            </conditions>
            <connector>
                <targetReference>Calculate_average_price</targetReference>
            </connector>
            <label>Inventory</label>
        </rules>
    </decisions>
    <formulas>
        <name>AveragePricesum</name>
        <dataType>Currency</dataType>
        <expression>{!Calculate_average_price.Average_Unit_Price__c}</expression>
        <scale>2</scale>
    </formulas>
    <formulas>
        <name>UnitPriceformula</name>
        <dataType>Currency</dataType>
        <expression>{!sumofPrice}/{!SumofQuantity}</expression>
        <scale>2</scale>
    </formulas>
    <interviewLabel>Average Purchasing Price on Invoice {!$Flow.CurrentDateTime}</interviewLabel>
    <label>Average Purchasing Price on Invoice line item</label>
    <loops>
        <name>Calculate_average_price</name>
        <label>Calculate average price</label>
        <locationX>683</locationX>
        <locationY>780</locationY>
        <collectionReference>Fetch_Inventory_Record</collectionReference>
        <iterationOrder>Asc</iterationOrder>
        <nextValueConnector>
            <targetReference>Average_Price</targetReference>
        </nextValueConnector>
        <noMoreValuesConnector>
            <targetReference>Update_Unit_Price</targetReference>
        </noMoreValuesConnector>
    </loops>
    <processMetadataValues>
        <name>BuilderType</name>
        <value>
            <stringValue>LightningFlowBuilder</stringValue>
        </value>
    </processMetadataValues>
    <processMetadataValues>
        <name>CanvasMode</name>
        <value>
            <stringValue>FREE_FORM_CANVAS</stringValue>
        </value>
    </processMetadataValues>
    <processMetadataValues>
        <name>OriginBuilderType</name>
        <value>
            <stringValue>LightningFlowBuilder</stringValue>
        </value>
    </processMetadataValues>
    <processType>AutoLaunchedFlow</processType>
    <recordLookups>
        <name>Fetch_Inventory_Record</name>
        <label>Fetch Inventory Record</label>
        <locationX>856</locationX>
        <locationY>502</locationY>
        <assignNullValuesIfNoRecordsFound>false</assignNullValuesIfNoRecordsFound>
        <connector>
            <targetReference>Check_for_Null_Condition</targetReference>
        </connector>
        <filterLogic>and</filterLogic>
        <filters>
            <field>Product__c</field>
            <operator>EqualTo</operator>
            <value>
                <elementReference>$Record.Product__r.Id</elementReference>
            </value>
        </filters>
        <filters>
            <field>Total_Cost_Price__c</field>
            <operator>GreaterThan</operator>
            <value>
                <numberValue>0.0</numberValue>
            </value>
        </filters>
        <filters>
            <field>Number_of_Item_Purchased_In__c</field>
            <operator>GreaterThan</operator>
            <value>
                <numberValue>0.0</numberValue>
            </value>
        </filters>
        <getFirstRecordOnly>false</getFirstRecordOnly>
        <object>Inventory_Stock__c</object>
        <storeOutputAutomatically>true</storeOutputAutomatically>
    </recordLookups>
    <recordUpdates>
        <name>Estimated_MO_Price_0</name>
        <label>Estimated MO Price</label>
        <locationX>257</locationX>
        <locationY>603</locationY>
        <inputAssignments>
            <field>Cost_Price__c</field>
            <value>
                <elementReference>$Record.Product__r.Estimated_Manufacturing_Cost__c</elementReference>
            </value>
        </inputAssignments>
        <inputReference>$Record</inputReference>
    </recordUpdates>
    <recordUpdates>
        <name>Estimated_MO_Price_0_0</name>
        <label>Estimated MO Price</label>
        <locationX>525</locationX>
        <locationY>619</locationY>
        <inputAssignments>
            <field>Cost_Price__c</field>
            <value>
                <numberValue>0.0</numberValue>
            </value>
        </inputAssignments>
        <inputReference>$Record</inputReference>
    </recordUpdates>
    <recordUpdates>
        <name>Update_Cost_Price</name>
        <label>Update Cost Price</label>
        <locationX>726</locationX>
        <locationY>1319</locationY>
        <inputAssignments>
            <field>Cost_Price__c</field>
            <value>
                <elementReference>UnitPrice</elementReference>
            </value>
        </inputAssignments>
        <inputReference>$Record</inputReference>
    </recordUpdates>
    <recordUpdates>
        <name>Update_Cost_Price_0</name>
        <label>Update Cost Price</label>
        <locationX>1131</locationX>
        <locationY>826</locationY>
        <inputAssignments>
            <field>Cost_Price__c</field>
            <value>
                <numberValue>0.0</numberValue>
            </value>
        </inputAssignments>
        <inputReference>$Record</inputReference>
    </recordUpdates>
    <start>
        <locationX>490</locationX>
        <locationY>48</locationY>
        <connector>
            <targetReference>Check_for_Manufacturing_Product</targetReference>
        </connector>
        <filterLogic>and</filterLogic>
        <filters>
            <field>Product__c</field>
            <operator>IsNull</operator>
            <value>
                <booleanValue>false</booleanValue>
            </value>
        </filters>
        <object>Invoice_Line_Item__c</object>
        <recordTriggerType>CreateAndUpdate</recordTriggerType>
        <triggerType>RecordAfterSave</triggerType>
    </start>
    <status>Obsolete</status>
    <variables>
        <name>CountofInventoryRecord</name>
        <dataType>Number</dataType>
        <isCollection>false</isCollection>
        <isInput>false</isInput>
        <isOutput>false</isOutput>
        <scale>2</scale>
    </variables>
    <variables>
        <name>sumofPrice</name>
        <dataType>Currency</dataType>
        <isCollection>false</isCollection>
        <isInput>false</isInput>
        <isOutput>false</isOutput>
        <scale>2</scale>
    </variables>
    <variables>
        <name>SumofQuantity</name>
        <dataType>Number</dataType>
        <isCollection>false</isCollection>
        <isInput>false</isInput>
        <isOutput>false</isOutput>
        <scale>2</scale>
    </variables>
    <variables>
        <name>UnitPrice</name>
        <dataType>Currency</dataType>
        <isCollection>false</isCollection>
        <isInput>false</isInput>
        <isOutput>false</isOutput>
        <scale>2</scale>
    </variables>
</Flow>
