<?xml version="1.0" encoding="UTF-8"?>
<Flow xmlns="http://soap.sforce.com/2006/04/metadata">
    <apiVersion>57.0</apiVersion>
    <assignments>
        <name>Add_cost_price</name>
        <label>Add cost price</label>
        <locationX>346</locationX>
        <locationY>1847</locationY>
        <assignmentItems>
            <assignToReference>TotalCostPrice</assignToReference>
            <operator>Add</operator>
            <value>
                <elementReference>CostOfBOM</elementReference>
            </value>
        </assignmentItems>
        <connector>
            <targetReference>Loop_to_get_cost_price_of_BOMs</targetReference>
        </connector>
    </assignments>
    <assignments>
        <name>Copy_1_of_Assign_Version_length</name>
        <label>Copy 1 of Assign Version length</label>
        <locationX>730</locationX>
        <locationY>647</locationY>
        <assignmentItems>
            <assignToReference>VersionSize</assignToReference>
            <operator>AssignCount</operator>
            <value>
                <elementReference>Get_version</elementReference>
            </value>
        </assignmentItems>
        <connector>
            <targetReference>Check_the_size_of_Version</targetReference>
        </connector>
    </assignments>
    <assignments>
        <name>set_default_version</name>
        <label>set default version</label>
        <locationX>754</locationX>
        <locationY>1079</locationY>
        <assignmentItems>
            <assignToReference>Version</assignToReference>
            <operator>Assign</operator>
            <value>
                <elementReference>Get_first_version_from_list.Id</elementReference>
            </value>
        </assignmentItems>
        <connector>
            <targetReference>Get_first_version_from_list</targetReference>
        </connector>
    </assignments>
    <assignments>
        <name>Set_Version</name>
        <label>Set Version</label>
        <locationX>50</locationX>
        <locationY>431</locationY>
        <assignmentItems>
            <assignToReference>Version</assignToReference>
            <operator>Assign</operator>
            <value>
                <elementReference>$Record.BOM_Product__r.BOM__c</elementReference>
            </value>
        </assignmentItems>
        <connector>
            <targetReference>Check_Version_is_not_null</targetReference>
        </connector>
    </assignments>
    <decisions>
        <name>Check_default_version_assigned_on_product</name>
        <label>Check default version assigned on product</label>
        <locationX>390</locationX>
        <locationY>323</locationY>
        <defaultConnector>
            <targetReference>Get_Version_Record_Id</targetReference>
        </defaultConnector>
        <defaultConnectorLabel>Default Outcome</defaultConnectorLabel>
        <rules>
            <name>Default_version_is_assigned_on_product</name>
            <conditionLogic>and</conditionLogic>
            <conditions>
                <leftValueReference>$Record.BOM_Product__r.BOM__c</leftValueReference>
                <operator>IsNull</operator>
                <rightValue>
                    <booleanValue>false</booleanValue>
                </rightValue>
            </conditions>
            <connector>
                <targetReference>Set_Version</targetReference>
            </connector>
            <label>Default version is assigned on product</label>
        </rules>
    </decisions>
    <decisions>
        <name>Check_if_value_of_version_is_null</name>
        <label>Check if value of version is null</label>
        <locationX>886</locationX>
        <locationY>971</locationY>
        <defaultConnector>
            <targetReference>Get_first_version_from_list</targetReference>
        </defaultConnector>
        <defaultConnectorLabel>Default Outcome</defaultConnectorLabel>
        <rules>
            <name>Version_is_null</name>
            <conditionLogic>and</conditionLogic>
            <conditions>
                <leftValueReference>Version</leftValueReference>
                <operator>IsNull</operator>
                <rightValue>
                    <booleanValue>false</booleanValue>
                </rightValue>
            </conditions>
            <conditions>
                <leftValueReference>Version</leftValueReference>
                <operator>EqualTo</operator>
                <rightValue>
                    <stringValue></stringValue>
                </rightValue>
            </conditions>
            <connector>
                <targetReference>set_default_version</targetReference>
            </connector>
            <label>Version is null</label>
        </rules>
    </decisions>
    <decisions>
        <name>Check_the_size_of_Version</name>
        <label>Check the size of Version</label>
        <locationX>730</locationX>
        <locationY>755</locationY>
        <defaultConnector>
            <targetReference>Check_Version_is_not_null</targetReference>
        </defaultConnector>
        <defaultConnectorLabel>Default Outcome</defaultConnectorLabel>
        <rules>
            <name>Size_of_Version_equals_1</name>
            <conditionLogic>and</conditionLogic>
            <conditions>
                <leftValueReference>VersionSize</leftValueReference>
                <operator>EqualTo</operator>
                <rightValue>
                    <numberValue>1.0</numberValue>
                </rightValue>
            </conditions>
            <connector>
                <targetReference>Get_first_version_from_list</targetReference>
            </connector>
            <label>Size of Version equals 1</label>
        </rules>
    </decisions>
    <decisions>
        <name>Check_Version_is_not_null</name>
        <label>Check Version is not null</label>
        <locationX>390</locationX>
        <locationY>1523</locationY>
        <defaultConnector>
            <targetReference>Set_product_MO_cost</targetReference>
        </defaultConnector>
        <defaultConnectorLabel>Default Outcome</defaultConnectorLabel>
        <rules>
            <name>Version_is_not_null</name>
            <conditionLogic>and</conditionLogic>
            <conditions>
                <leftValueReference>Version</leftValueReference>
                <operator>IsNull</operator>
                <rightValue>
                    <booleanValue>false</booleanValue>
                </rightValue>
            </conditions>
            <conditions>
                <leftValueReference>Version</leftValueReference>
                <operator>NotEqualTo</operator>
                <rightValue>
                    <stringValue></stringValue>
                </rightValue>
            </conditions>
            <connector>
                <targetReference>Get_BOMS</targetReference>
            </connector>
            <label>Version is not null</label>
        </rules>
    </decisions>
    <environments>Default</environments>
    <formulas>
        <name>CostOfBOM</name>
        <dataType>Number</dataType>
        <expression>{!Loop_to_get_cost_price_of_BOMs.Cost_Price__c} * {!Loop_to_get_cost_price_of_BOMs.Quantity__c}</expression>
        <scale>2</scale>
    </formulas>
    <interviewLabel>Calculate the Manufacturing Cost based on Version and BOM {!$Flow.CurrentDateTime}</interviewLabel>
    <label>Calculate the Manufacturing Cost based on Version and BOM</label>
    <loops>
        <name>Get_first_version_from_list</name>
        <label>Get first version from list</label>
        <locationX>666</locationX>
        <locationY>863</locationY>
        <collectionReference>Get_version</collectionReference>
        <iterationOrder>Asc</iterationOrder>
        <nextValueConnector>
            <targetReference>Check_if_value_of_version_is_null</targetReference>
        </nextValueConnector>
        <noMoreValuesConnector>
            <targetReference>Check_Version_is_not_null</targetReference>
        </noMoreValuesConnector>
    </loops>
    <loops>
        <name>Loop_to_get_cost_price_of_BOMs</name>
        <label>Loop to get cost price of BOMs</label>
        <locationX>258</locationX>
        <locationY>1739</locationY>
        <collectionReference>Get_BOMS</collectionReference>
        <iterationOrder>Asc</iterationOrder>
        <nextValueConnector>
            <targetReference>Add_cost_price</targetReference>
        </nextValueConnector>
        <noMoreValuesConnector>
            <targetReference>Set_product_MO_cost</targetReference>
        </noMoreValuesConnector>
    </loops>
    <processMetadataValues>
        <name>BuilderType</name>
        <value>
            <stringValue>LightningFlowBuilder</stringValue>
        </value>
    </processMetadataValues>
    <processMetadataValues>
        <name>CanvasMode</name>
        <value>
            <stringValue>AUTO_LAYOUT_CANVAS</stringValue>
        </value>
    </processMetadataValues>
    <processMetadataValues>
        <name>OriginBuilderType</name>
        <value>
            <stringValue>LightningFlowBuilder</stringValue>
        </value>
    </processMetadataValues>
    <processType>AutoLaunchedFlow</processType>
    <recordLookups>
        <name>Get_BOMS</name>
        <label>Get BOMS</label>
        <locationX>258</locationX>
        <locationY>1631</locationY>
        <assignNullValuesIfNoRecordsFound>false</assignNullValuesIfNoRecordsFound>
        <connector>
            <targetReference>Loop_to_get_cost_price_of_BOMs</targetReference>
        </connector>
        <filterLogic>and</filterLogic>
        <filters>
            <field>Active__c</field>
            <operator>EqualTo</operator>
            <value>
                <booleanValue>true</booleanValue>
            </value>
        </filters>
        <filters>
            <field>BOM_Product__c</field>
            <operator>EqualTo</operator>
            <value>
                <elementReference>$Record.BOM_Product__c</elementReference>
            </value>
        </filters>
        <filters>
            <field>BOM_Component__c</field>
            <operator>EqualTo</operator>
            <value>
                <booleanValue>false</booleanValue>
            </value>
        </filters>
        <filters>
            <field>Cost_Price__c</field>
            <operator>IsNull</operator>
            <value>
                <booleanValue>false</booleanValue>
            </value>
        </filters>
        <filters>
            <field>Cost_Price__c</field>
            <operator>GreaterThan</operator>
            <value>
                <numberValue>0.0</numberValue>
            </value>
        </filters>
        <filters>
            <field>BOM__c</field>
            <operator>EqualTo</operator>
            <value>
                <elementReference>Version</elementReference>
            </value>
        </filters>
        <getFirstRecordOnly>false</getFirstRecordOnly>
        <object>BOM_Line_Item__c</object>
        <storeOutputAutomatically>true</storeOutputAutomatically>
    </recordLookups>
    <recordLookups>
        <name>Get_version</name>
        <label>Get version</label>
        <locationX>730</locationX>
        <locationY>539</locationY>
        <assignNullValuesIfNoRecordsFound>false</assignNullValuesIfNoRecordsFound>
        <connector>
            <targetReference>Copy_1_of_Assign_Version_length</targetReference>
        </connector>
        <filterLogic>and</filterLogic>
        <filters>
            <field>Active__c</field>
            <operator>EqualTo</operator>
            <value>
                <booleanValue>true</booleanValue>
            </value>
        </filters>
        <filters>
            <field>Default__c</field>
            <operator>EqualTo</operator>
            <value>
                <booleanValue>true</booleanValue>
            </value>
        </filters>
        <filters>
            <field>Product__c</field>
            <operator>EqualTo</operator>
            <value>
                <elementReference>$Record.BOM_Product__c</elementReference>
            </value>
        </filters>
        <filters>
            <field>Status__c</field>
            <operator>EqualTo</operator>
            <value>
                <stringValue>Certified</stringValue>
            </value>
        </filters>
        <filters>
            <field>RecordTypeId</field>
            <operator>EqualTo</operator>
            <value>
                <elementReference>Get_Version_Record_Id.Id</elementReference>
            </value>
        </filters>
        <filters>
            <field>Start_Date__c</field>
            <operator>EqualTo</operator>
            <value>
                <elementReference>$Flow.CurrentDate</elementReference>
            </value>
        </filters>
        <filters>
            <field>To_Date__c</field>
            <operator>EqualTo</operator>
            <value>
                <elementReference>$Flow.CurrentDate</elementReference>
            </value>
        </filters>
        <getFirstRecordOnly>false</getFirstRecordOnly>
        <object>BOM__c</object>
        <storeOutputAutomatically>true</storeOutputAutomatically>
    </recordLookups>
    <recordLookups>
        <name>Get_Version_Record_Id</name>
        <label>Get Version Record Id</label>
        <locationX>730</locationX>
        <locationY>431</locationY>
        <assignNullValuesIfNoRecordsFound>false</assignNullValuesIfNoRecordsFound>
        <connector>
            <targetReference>Get_version</targetReference>
        </connector>
        <filterLogic>and</filterLogic>
        <filters>
            <field>IsActive</field>
            <operator>EqualTo</operator>
            <value>
                <booleanValue>true</booleanValue>
            </value>
        </filters>
        <filters>
            <field>DeveloperName</field>
            <operator>EqualTo</operator>
            <value>
                <stringValue>Manufacturing</stringValue>
            </value>
        </filters>
        <filters>
            <field>SobjectType</field>
            <operator>EqualTo</operator>
            <value>
                <stringValue>BOM__c</stringValue>
            </value>
        </filters>
        <getFirstRecordOnly>true</getFirstRecordOnly>
        <object>RecordType</object>
        <storeOutputAutomatically>true</storeOutputAutomatically>
    </recordLookups>
    <recordUpdates>
        <name>Set_product_MO_cost</name>
        <label>Set product MO cost</label>
        <locationX>390</locationX>
        <locationY>2123</locationY>
        <filterLogic>and</filterLogic>
        <filters>
            <field>Id</field>
            <operator>EqualTo</operator>
            <value>
                <elementReference>$Record.BOM_Product__c</elementReference>
            </value>
        </filters>
        <inputAssignments>
            <field>Estimated_Manufacturing_Cost__c</field>
            <value>
                <elementReference>TotalCostPrice</elementReference>
            </value>
        </inputAssignments>
        <object>Product2</object>
    </recordUpdates>
    <start>
        <locationX>264</locationX>
        <locationY>0</locationY>
        <connector>
            <targetReference>Check_default_version_assigned_on_product</targetReference>
        </connector>
        <filterLogic>and</filterLogic>
        <filters>
            <field>Active__c</field>
            <operator>EqualTo</operator>
            <value>
                <booleanValue>true</booleanValue>
            </value>
        </filters>
        <filters>
            <field>BOM_Product__c</field>
            <operator>IsNull</operator>
            <value>
                <booleanValue>false</booleanValue>
            </value>
        </filters>
        <object>BOM_Line_Item__c</object>
        <recordTriggerType>CreateAndUpdate</recordTriggerType>
        <triggerType>RecordAfterSave</triggerType>
    </start>
    <status>Obsolete</status>
    <variables>
        <name>TotalCostPrice</name>
        <dataType>Number</dataType>
        <isCollection>false</isCollection>
        <isInput>false</isInput>
        <isOutput>false</isOutput>
        <scale>2</scale>
    </variables>
    <variables>
        <name>Version</name>
        <dataType>String</dataType>
        <isCollection>false</isCollection>
        <isInput>false</isInput>
        <isOutput>false</isOutput>
    </variables>
    <variables>
        <name>VersionSize</name>
        <dataType>Number</dataType>
        <isCollection>false</isCollection>
        <isInput>false</isInput>
        <isOutput>false</isOutput>
        <scale>2</scale>
    </variables>
</Flow>
