<?xml version="1.0" encoding="UTF-8"?>
<Flow xmlns="http://soap.sforce.com/2006/04/metadata">
    <apiVersion>57.0</apiVersion>
    <decisions>
        <name>Check_for_Null</name>
        <label>Check for Null</label>
        <locationX>176</locationX>
        <locationY>455</locationY>
        <defaultConnectorLabel>Default Outcome</defaultConnectorLabel>
        <rules>
            <name>Line_Item_Null_check</name>
            <conditionLogic>and</conditionLogic>
            <conditions>
                <leftValueReference>Fetch_Line_Items</leftValueReference>
                <operator>IsNull</operator>
                <rightValue>
                    <booleanValue>false</booleanValue>
                </rightValue>
            </conditions>
            <connector>
                <targetReference>Iterate_Line_Item</targetReference>
            </connector>
            <label>Line Item Null check</label>
        </rules>
    </decisions>
    <interviewLabel>Create Credit Note Item {!$Flow.CurrentDateTime}</interviewLabel>
    <label>Create Credit Note Item</label>
    <loops>
        <name>Iterate_Line_Item</name>
        <label>Iterate Line Item</label>
        <locationX>68</locationX>
        <locationY>575</locationY>
        <collectionReference>Fetch_Line_Items</collectionReference>
        <iterationOrder>Asc</iterationOrder>
        <nextValueConnector>
            <targetReference>Line_Items</targetReference>
        </nextValueConnector>
    </loops>
    <processMetadataValues>
        <name>BuilderType</name>
        <value>
            <stringValue>LightningFlowBuilder</stringValue>
        </value>
    </processMetadataValues>
    <processMetadataValues>
        <name>CanvasMode</name>
        <value>
            <stringValue>AUTO_LAYOUT_CANVAS</stringValue>
        </value>
    </processMetadataValues>
    <processMetadataValues>
        <name>OriginBuilderType</name>
        <value>
            <stringValue>LightningFlowBuilder</stringValue>
        </value>
    </processMetadataValues>
    <processType>AutoLaunchedFlow</processType>
    <recordCreates>
        <name>Line_Items</name>
        <label>Line Items</label>
        <locationX>156</locationX>
        <locationY>695</locationY>
        <connector>
            <targetReference>Iterate_Line_Item</targetReference>
        </connector>
        <inputAssignments>
            <field>Account__c</field>
            <value>
                <elementReference>Iterate_Line_Item.Account__r.Id</elementReference>
            </value>
        </inputAssignments>
        <inputAssignments>
            <field>Amount__c</field>
            <value>
                <elementReference>Iterate_Line_Item.Amount__c</elementReference>
            </value>
        </inputAssignments>
        <inputAssignments>
            <field>Chart_of_Account__c</field>
            <value>
                <elementReference>Iterate_Line_Item.Chart_of_Account__r.Id</elementReference>
            </value>
        </inputAssignments>
        <inputAssignments>
            <field>Company__c</field>
            <value>
                <elementReference>Iterate_Line_Item.Company__c</elementReference>
            </value>
        </inputAssignments>
        <inputAssignments>
            <field>Credit_Note__c</field>
            <value>
                <elementReference>$Record.Id</elementReference>
            </value>
        </inputAssignments>
        <inputAssignments>
            <field>Description__c</field>
            <value>
                <elementReference>Iterate_Line_Item.Description__c</elementReference>
            </value>
        </inputAssignments>
        <inputAssignments>
            <field>Discount__c</field>
            <value>
                <elementReference>Iterate_Line_Item.Discount__c</elementReference>
            </value>
        </inputAssignments>
        <inputAssignments>
            <field>Invoice_Line_Item__c</field>
            <value>
                <elementReference>Iterate_Line_Item.Invoice_Line_Item__r.Id</elementReference>
            </value>
        </inputAssignments>
        <inputAssignments>
            <field>Name</field>
            <value>
                <elementReference>Iterate_Line_Item.Name</elementReference>
            </value>
        </inputAssignments>
        <inputAssignments>
            <field>Posted__c</field>
            <value>
                <elementReference>Iterate_Line_Item.Posted__c</elementReference>
            </value>
        </inputAssignments>
        <inputAssignments>
            <field>Product__c</field>
            <value>
                <elementReference>Iterate_Line_Item.Product__r.Id</elementReference>
            </value>
        </inputAssignments>
        <inputAssignments>
            <field>Quantity__c</field>
            <value>
                <elementReference>Iterate_Line_Item.Quantity__c</elementReference>
            </value>
        </inputAssignments>
        <inputAssignments>
            <field>Tax_Amount__c</field>
            <value>
                <elementReference>Iterate_Line_Item.Tax_Amount__c</elementReference>
            </value>
        </inputAssignments>
        <inputAssignments>
            <field>Tax_Rate__c</field>
            <value>
                <elementReference>Iterate_Line_Item.Tax_Rate__c</elementReference>
            </value>
        </inputAssignments>
        <inputAssignments>
            <field>Total_Amount__c</field>
            <value>
                <elementReference>Iterate_Line_Item.Total_Amount__c</elementReference>
            </value>
        </inputAssignments>
        <object>Credit_Note_Item__c</object>
        <storeOutputAutomatically>true</storeOutputAutomatically>
    </recordCreates>
    <recordLookups>
        <name>Fetch_Line_Items</name>
        <label>Fetch Line Items</label>
        <locationX>176</locationX>
        <locationY>335</locationY>
        <assignNullValuesIfNoRecordsFound>false</assignNullValuesIfNoRecordsFound>
        <connector>
            <targetReference>Check_for_Null</targetReference>
        </connector>
        <filterLogic>and</filterLogic>
        <filters>
            <field>Credit_Note__c</field>
            <operator>EqualTo</operator>
            <value>
                <elementReference>$Record.Credit_Note__r.Id</elementReference>
            </value>
        </filters>
        <getFirstRecordOnly>false</getFirstRecordOnly>
        <object>Credit_Note_Item__c</object>
        <storeOutputAutomatically>true</storeOutputAutomatically>
    </recordLookups>
    <start>
        <locationX>50</locationX>
        <locationY>0</locationY>
        <connector>
            <targetReference>Fetch_Line_Items</targetReference>
        </connector>
        <filterLogic>and</filterLogic>
        <filters>
            <field>Type__c</field>
            <operator>EqualTo</operator>
            <value>
                <stringValue>Cancelled</stringValue>
            </value>
        </filters>
        <object>Credit_Note__c</object>
        <recordTriggerType>Create</recordTriggerType>
        <triggerType>RecordAfterSave</triggerType>
    </start>
    <status>Obsolete</status>
</Flow>
