<?xml version="1.0" encoding="UTF-8"?>
<Flow xmlns="http://soap.sforce.com/2006/04/metadata">
    <apiVersion>53.0</apiVersion>
    <formulas>
        <name>PlusFiveyears</name>
        <dataType>Date</dataType>
        <expression>DATE(
YEAR(TODAY()) + 5,
MONTH(TODAY()) ,
DAY(TODAY())
)</expression>
    </formulas>
    <interviewLabel>Create version when product is created {!$Flow.CurrentDateTime}</interviewLabel>
    <label>Create version when product is created</label>
    <processMetadataValues>
        <name>BuilderType</name>
        <value>
            <stringValue>LightningFlowBuilder</stringValue>
        </value>
    </processMetadataValues>
    <processMetadataValues>
        <name>CanvasMode</name>
        <value>
            <stringValue>FREE_FORM_CANVAS</stringValue>
        </value>
    </processMetadataValues>
    <processMetadataValues>
        <name>OriginBuilderType</name>
        <value>
            <stringValue>LightningFlowBuilder</stringValue>
        </value>
    </processMetadataValues>
    <processType>AutoLaunchedFlow</processType>
    <recordCreates>
        <name>Create_default_Version</name>
        <label>Create default Version</label>
        <locationX>456</locationX>
        <locationY>383</locationY>
        <inputAssignments>
            <field>Active__c</field>
            <value>
                <booleanValue>true</booleanValue>
            </value>
        </inputAssignments>
        <inputAssignments>
            <field>Default__c</field>
            <value>
                <booleanValue>true</booleanValue>
            </value>
        </inputAssignments>
        <inputAssignments>
            <field>Name</field>
            <value>
                <elementReference>$Record.Name</elementReference>
            </value>
        </inputAssignments>
        <inputAssignments>
            <field>Product__c</field>
            <value>
                <elementReference>$Record.Id</elementReference>
            </value>
        </inputAssignments>
        <inputAssignments>
            <field>RecordTypeId</field>
            <value>
                <elementReference>GetVersionRecordType.Id</elementReference>
            </value>
        </inputAssignments>
        <inputAssignments>
            <field>Start_Date__c</field>
            <value>
                <elementReference>CurrentDate</elementReference>
            </value>
        </inputAssignments>
        <inputAssignments>
            <field>Status__c</field>
            <value>
                <stringValue>Certified</stringValue>
            </value>
        </inputAssignments>
        <inputAssignments>
            <field>To_Date__c</field>
            <value>
                <elementReference>PlusFiveyears</elementReference>
            </value>
        </inputAssignments>
        <inputAssignments>
            <field>Unit_of_Measure__c</field>
            <value>
                <elementReference>$Record.QuantityUnitOfMeasure</elementReference>
            </value>
        </inputAssignments>
        <object>BOM__c</object>
        <storeOutputAutomatically>true</storeOutputAutomatically>
    </recordCreates>
    <recordLookups>
        <name>GetVersionRecordType</name>
        <label>GetVersionRecordType</label>
        <locationX>676</locationX>
        <locationY>271</locationY>
        <assignNullValuesIfNoRecordsFound>false</assignNullValuesIfNoRecordsFound>
        <connector>
            <targetReference>Create_default_Version</targetReference>
        </connector>
        <filterLogic>and</filterLogic>
        <filters>
            <field>Name</field>
            <operator>EqualTo</operator>
            <value>
                <stringValue>Manufacturing</stringValue>
            </value>
        </filters>
        <filters>
            <field>SobjectType</field>
            <operator>EqualTo</operator>
            <value>
                <stringValue>BOM__c</stringValue>
            </value>
        </filters>
        <getFirstRecordOnly>true</getFirstRecordOnly>
        <object>RecordType</object>
        <storeOutputAutomatically>true</storeOutputAutomatically>
    </recordLookups>
    <start>
        <locationX>330</locationX>
        <locationY>48</locationY>
        <connector>
            <targetReference>GetVersionRecordType</targetReference>
        </connector>
        <filterLogic>1 AND (2 OR 3)</filterLogic>
        <filters>
            <field>IsActive</field>
            <operator>EqualTo</operator>
            <value>
                <booleanValue>true</booleanValue>
            </value>
        </filters>
        <filters>
            <field>Issue_Manufacturing_Order__c</field>
            <operator>EqualTo</operator>
            <value>
                <booleanValue>true</booleanValue>
            </value>
        </filters>
        <filters>
            <field>Issue_Work_Order__c</field>
            <operator>EqualTo</operator>
            <value>
                <booleanValue>true</booleanValue>
            </value>
        </filters>
        <object>Product2</object>
        <recordTriggerType>Create</recordTriggerType>
        <triggerType>RecordAfterSave</triggerType>
    </start>
    <status>Draft</status>
    <variables>
        <name>CurrentDate</name>
        <dataType>Date</dataType>
        <isCollection>false</isCollection>
        <isInput>false</isInput>
        <isOutput>true</isOutput>
        <value>
            <elementReference>$Flow.CurrentDate</elementReference>
        </value>
    </variables>
    <variables>
        <name>GetRecordId</name>
        <dataType>String</dataType>
        <isCollection>false</isCollection>
        <isInput>true</isInput>
        <isOutput>false</isOutput>
    </variables>
</Flow>
