<?xml version="1.0" encoding="UTF-8"?>
<Flow xmlns="http://soap.sforce.com/2006/04/metadata">
    <apiVersion>57.0</apiVersion>
    <assignments>
        <name>Set_Inventory_IDs</name>
        <label>Set Inventory IDs</label>
        <locationX>270</locationX>
        <locationY>815</locationY>
        <assignmentItems>
            <assignToReference>InventoryIDs</assignToReference>
            <operator>Add</operator>
            <value>
                <elementReference>Get_inventory_Ids.Site_ProductService_InventoryStock__c</elementReference>
            </value>
        </assignmentItems>
        <connector>
            <targetReference>Get_inventory_Ids</targetReference>
        </connector>
    </assignments>
    <decisions>
        <name>check_if_the_awaiting_stock_is_not_null</name>
        <label>check if the awaiting stock is not null</label>
        <locationX>336</locationX>
        <locationY>575</locationY>
        <defaultConnectorLabel>Default Outcome</defaultConnectorLabel>
        <rules>
            <name>Awaiting_stock_is_not_null</name>
            <conditionLogic>and</conditionLogic>
            <conditions>
                <leftValueReference>Get_all_awaiting_stocks</leftValueReference>
                <operator>IsNull</operator>
                <rightValue>
                    <booleanValue>false</booleanValue>
                </rightValue>
            </conditions>
            <connector>
                <targetReference>Get_inventory_Ids</targetReference>
            </connector>
            <label>Awaiting stock is not null</label>
        </rules>
    </decisions>
    <decisions>
        <name>Check_inventory_records</name>
        <label>Check inventory records</label>
        <locationX>182</locationX>
        <locationY>1151</locationY>
        <defaultConnectorLabel>Default Outcome</defaultConnectorLabel>
        <rules>
            <name>inventory_records_is_not_null</name>
            <conditionLogic>and</conditionLogic>
            <conditions>
                <leftValueReference>Get_inventory_records</leftValueReference>
                <operator>IsNull</operator>
                <rightValue>
                    <booleanValue>false</booleanValue>
                </rightValue>
            </conditions>
            <connector>
                <targetReference>delete_inventory_records</targetReference>
            </connector>
            <label>inventory records is not null</label>
        </rules>
    </decisions>
    <decisions>
        <name>Check_whether_received_qty_equals_total_qty</name>
        <label>Check whether received qty equals total qty</label>
        <locationX>501</locationX>
        <locationY>335</locationY>
        <defaultConnectorLabel>Default Outcome</defaultConnectorLabel>
        <rules>
            <name>received_qty_equals_total_qty</name>
            <conditionLogic>and</conditionLogic>
            <conditions>
                <leftValueReference>$Record.Reconciled_Quantity__c</leftValueReference>
                <operator>EqualTo</operator>
                <rightValue>
                    <elementReference>$Record.Total_Quantity__c</elementReference>
                </rightValue>
            </conditions>
            <conditions>
                <leftValueReference>$Record.Putaway_Quantity__c</leftValueReference>
                <operator>EqualTo</operator>
                <rightValue>
                    <elementReference>$Record.Total_Quantity__c</elementReference>
                </rightValue>
            </conditions>
            <connector>
                <targetReference>Get_all_awaiting_stocks</targetReference>
            </connector>
            <label>received qty equals total qty</label>
        </rules>
    </decisions>
    <interviewLabel>Delete awaiting stock when PO is completely received {!$Flow.CurrentDateTime}</interviewLabel>
    <label>Delete awaiting stock when PO is completely received</label>
    <loops>
        <name>Get_inventory_Ids</name>
        <label>Get inventory Ids</label>
        <locationX>182</locationX>
        <locationY>695</locationY>
        <collectionReference>Get_all_awaiting_stocks</collectionReference>
        <iterationOrder>Asc</iterationOrder>
        <nextValueConnector>
            <targetReference>Set_Inventory_IDs</targetReference>
        </nextValueConnector>
        <noMoreValuesConnector>
            <targetReference>Get_inventory_records</targetReference>
        </noMoreValuesConnector>
    </loops>
    <processMetadataValues>
        <name>BuilderType</name>
        <value>
            <stringValue>LightningFlowBuilder</stringValue>
        </value>
    </processMetadataValues>
    <processMetadataValues>
        <name>CanvasMode</name>
        <value>
            <stringValue>AUTO_LAYOUT_CANVAS</stringValue>
        </value>
    </processMetadataValues>
    <processMetadataValues>
        <name>OriginBuilderType</name>
        <value>
            <stringValue>LightningFlowBuilder</stringValue>
        </value>
    </processMetadataValues>
    <processType>AutoLaunchedFlow</processType>
    <recordDeletes>
        <name>delete_inventory_records</name>
        <label>delete inventory records</label>
        <locationX>50</locationX>
        <locationY>1271</locationY>
        <inputReference>Get_inventory_records</inputReference>
    </recordDeletes>
    <recordLookups>
        <name>Get_all_awaiting_stocks</name>
        <label>Get all awaiting stocks</label>
        <locationX>336</locationX>
        <locationY>455</locationY>
        <assignNullValuesIfNoRecordsFound>false</assignNullValuesIfNoRecordsFound>
        <connector>
            <targetReference>check_if_the_awaiting_stock_is_not_null</targetReference>
        </connector>
        <filterLogic>and</filterLogic>
        <filters>
            <field>Purchase_Orders__c</field>
            <operator>EqualTo</operator>
            <value>
                <elementReference>$Record.Id</elementReference>
            </value>
        </filters>
        <filters>
            <field>Active__c</field>
            <operator>EqualTo</operator>
            <value>
                <booleanValue>true</booleanValue>
            </value>
        </filters>
        <filters>
            <field>Status__c</field>
            <operator>EqualTo</operator>
            <value>
                <stringValue>Awaiting Stock</stringValue>
            </value>
        </filters>
        <filters>
            <field>Site_ProductService_InventoryStock__c</field>
            <operator>IsNull</operator>
            <value>
                <booleanValue>false</booleanValue>
            </value>
        </filters>
        <getFirstRecordOnly>false</getFirstRecordOnly>
        <object>Stock_Inward_Line_Item__c</object>
        <storeOutputAutomatically>true</storeOutputAutomatically>
    </recordLookups>
    <recordLookups>
        <name>Get_inventory_records</name>
        <label>Get inventory records</label>
        <locationX>182</locationX>
        <locationY>1031</locationY>
        <assignNullValuesIfNoRecordsFound>false</assignNullValuesIfNoRecordsFound>
        <connector>
            <targetReference>Check_inventory_records</targetReference>
        </connector>
        <filterLogic>and</filterLogic>
        <filters>
            <field>Id</field>
            <operator>In</operator>
            <value>
                <elementReference>InventoryIDs</elementReference>
            </value>
        </filters>
        <filters>
            <field>Name</field>
            <operator>EqualTo</operator>
            <value>
                <stringValue>Awaiting Stock</stringValue>
            </value>
        </filters>
        <filters>
            <field>Number_of_Item_In_Stock__c</field>
            <operator>EqualTo</operator>
            <value>
                <numberValue>0.0</numberValue>
            </value>
        </filters>
        <getFirstRecordOnly>false</getFirstRecordOnly>
        <object>Inventory_Stock__c</object>
        <storeOutputAutomatically>true</storeOutputAutomatically>
    </recordLookups>
    <start>
        <locationX>375</locationX>
        <locationY>0</locationY>
        <connector>
            <targetReference>Check_whether_received_qty_equals_total_qty</targetReference>
        </connector>
        <filterLogic>1 AND 2 AND 3 AND (4 OR 5 OR 6)</filterLogic>
        <filters>
            <field>Total_Quantity__c</field>
            <operator>GreaterThan</operator>
            <value>
                <numberValue>0.0</numberValue>
            </value>
        </filters>
        <filters>
            <field>Reconciled_Quantity__c</field>
            <operator>GreaterThan</operator>
            <value>
                <numberValue>0.0</numberValue>
            </value>
        </filters>
        <filters>
            <field>Putaway_Quantity__c</field>
            <operator>GreaterThan</operator>
            <value>
                <numberValue>0.0</numberValue>
            </value>
        </filters>
        <filters>
            <field>Ready_To_Receive__c</field>
            <operator>EqualTo</operator>
            <value>
                <booleanValue>true</booleanValue>
            </value>
        </filters>
        <filters>
            <field>Status__c</field>
            <operator>EqualTo</operator>
            <value>
                <stringValue>Approved</stringValue>
            </value>
        </filters>
        <filters>
            <field>Status__c</field>
            <operator>EqualTo</operator>
            <value>
                <stringValue>Supplier Accepted</stringValue>
            </value>
        </filters>
        <object>PO__c</object>
        <recordTriggerType>CreateAndUpdate</recordTriggerType>
        <triggerType>RecordAfterSave</triggerType>
    </start>
    <status>Obsolete</status>
    <variables>
        <name>InventoryIDs</name>
        <dataType>String</dataType>
        <isCollection>true</isCollection>
        <isInput>false</isInput>
        <isOutput>false</isOutput>
    </variables>
</Flow>
