<?xml version="1.0" encoding="UTF-8"?>
<Flow xmlns="http://soap.sforce.com/2006/04/metadata">
    <apiVersion>55.0</apiVersion>
    <decisions>
        <name>Delete_Transactions</name>
        <label>Delete Transactions</label>
        <locationX>182</locationX>
        <locationY>455</locationY>
        <defaultConnectorLabel>Default Outcome</defaultConnectorLabel>
        <rules>
            <name>Check_for_Transactions</name>
            <conditionLogic>and</conditionLogic>
            <conditions>
                <leftValueReference>Fetch_Transactions</leftValueReference>
                <operator>IsNull</operator>
                <rightValue>
                    <booleanValue>false</booleanValue>
                </rightValue>
            </conditions>
            <connector>
                <targetReference>Delete_Billed_Transactions</targetReference>
            </connector>
            <label>Check for Transactions</label>
        </rules>
    </decisions>
    <interviewLabel>Delete Transactions on Unpost {!$Flow.CurrentDateTime}</interviewLabel>
    <label>Delete Bill Transactions on Unpost</label>
    <processMetadataValues>
        <name>BuilderType</name>
        <value>
            <stringValue>LightningFlowBuilder</stringValue>
        </value>
    </processMetadataValues>
    <processMetadataValues>
        <name>CanvasMode</name>
        <value>
            <stringValue>AUTO_LAYOUT_CANVAS</stringValue>
        </value>
    </processMetadataValues>
    <processMetadataValues>
        <name>OriginBuilderType</name>
        <value>
            <stringValue>LightningFlowBuilder</stringValue>
        </value>
    </processMetadataValues>
    <processType>AutoLaunchedFlow</processType>
    <recordDeletes>
        <name>Delete_Billed_Transactions</name>
        <label>Delete Billed Transactions</label>
        <locationX>50</locationX>
        <locationY>575</locationY>
        <inputReference>Fetch_Transactions</inputReference>
    </recordDeletes>
    <recordLookups>
        <name>Fetch_Transactions</name>
        <label>Fetch Transactions</label>
        <locationX>182</locationX>
        <locationY>335</locationY>
        <assignNullValuesIfNoRecordsFound>false</assignNullValuesIfNoRecordsFound>
        <connector>
            <targetReference>Delete_Transactions</targetReference>
        </connector>
        <filterLogic>and</filterLogic>
        <filters>
            <field>Bill__c</field>
            <operator>EqualTo</operator>
            <value>
                <elementReference>$Record.Id</elementReference>
            </value>
        </filters>
        <getFirstRecordOnly>false</getFirstRecordOnly>
        <object>Transaction__c</object>
        <storeOutputAutomatically>true</storeOutputAutomatically>
    </recordLookups>
    <start>
        <locationX>56</locationX>
        <locationY>0</locationY>
        <connector>
            <targetReference>Fetch_Transactions</targetReference>
        </connector>
        <filterLogic>and</filterLogic>
        <filters>
            <field>Posted__c</field>
            <operator>IsChanged</operator>
            <value>
                <booleanValue>true</booleanValue>
            </value>
        </filters>
        <filters>
            <field>Posted__c</field>
            <operator>EqualTo</operator>
            <value>
                <booleanValue>false</booleanValue>
            </value>
        </filters>
        <object>Bill__c</object>
        <recordTriggerType>CreateAndUpdate</recordTriggerType>
        <triggerType>RecordAfterSave</triggerType>
    </start>
    <status>Obsolete</status>
</Flow>
