<?xml version="1.0" encoding="UTF-8"?>
<Flow xmlns="http://soap.sforce.com/2006/04/metadata">
    <apiVersion>55.0</apiVersion>
    <interviewLabel>Delete MRPs when Order items is deleted {!$Flow.CurrentDateTime}</interviewLabel>
    <label>Delete MRPs when Order items is deleted</label>
    <processMetadataValues>
        <name>BuilderType</name>
        <value>
            <stringValue>LightningFlowBuilder</stringValue>
        </value>
    </processMetadataValues>
    <processMetadataValues>
        <name>CanvasMode</name>
        <value>
            <stringValue>AUTO_LAYOUT_CANVAS</stringValue>
        </value>
    </processMetadataValues>
    <processMetadataValues>
        <name>OriginBuilderType</name>
        <value>
            <stringValue>LightningFlowBuilder</stringValue>
        </value>
    </processMetadataValues>
    <processType>AutoLaunchedFlow</processType>
    <recordDeletes>
        <name>Delete_Associated_MRPss</name>
        <label>Delete Associated MRPss</label>
        <locationX>176</locationX>
        <locationY>311</locationY>
        <filterLogic>and</filterLogic>
        <filters>
            <field>Order_Product__c</field>
            <operator>EqualTo</operator>
            <value>
                <elementReference>$Record.Id</elementReference>
            </value>
        </filters>
        <object>MRP__c</object>
    </recordDeletes>
    <start>
        <locationX>50</locationX>
        <locationY>0</locationY>
        <connector>
            <targetReference>Delete_Associated_MRPss</targetReference>
        </connector>
        <filterLogic>and</filterLogic>
        <filters>
            <field>Active__c</field>
            <operator>EqualTo</operator>
            <value>
                <booleanValue>true</booleanValue>
            </value>
        </filters>
        <filters>
            <field>Is_Kit__c</field>
            <operator>EqualTo</operator>
            <value>
                <booleanValue>true</booleanValue>
            </value>
        </filters>
        <filters>
            <field>Explode__c</field>
            <operator>EqualTo</operator>
            <value>
                <booleanValue>true</booleanValue>
            </value>
        </filters>
        <filters>
            <field>Ready_To_Pick_Pack__c</field>
            <operator>EqualTo</operator>
            <value>
                <booleanValue>false</booleanValue>
            </value>
        </filters>
        <filters>
            <field>Logistic_Quantity__c</field>
            <operator>EqualTo</operator>
            <value>
                <numberValue>0.0</numberValue>
            </value>
        </filters>
        <object>OrderItem</object>
        <recordTriggerType>Delete</recordTriggerType>
        <triggerType>RecordBeforeDelete</triggerType>
    </start>
    <status>Obsolete</status>
</Flow>
