<?xml version="1.0" encoding="UTF-8"?>
<Flow xmlns="http://soap.sforce.com/2006/04/metadata">
    <apiVersion>57.0</apiVersion>
    <assignments>
        <name>set_inventory_ids</name>
        <label>set inventory ids</label>
        <locationX>270</locationX>
        <locationY>695</locationY>
        <assignmentItems>
            <assignToReference>InventoryIds</assignToReference>
            <operator>Add</operator>
            <value>
                <elementReference>Loop_through_inwards.Site_ProductService_InventoryStock__c</elementReference>
            </value>
        </assignmentItems>
        <connector>
            <targetReference>Loop_through_inwards</targetReference>
        </connector>
    </assignments>
    <decisions>
        <name>Check_invnentory</name>
        <label>Check invnentory</label>
        <locationX>182</locationX>
        <locationY>1031</locationY>
        <defaultConnectorLabel>Default Outcome</defaultConnectorLabel>
        <rules>
            <name>Inventory_not_null</name>
            <conditionLogic>and</conditionLogic>
            <conditions>
                <leftValueReference>get_Inventory</leftValueReference>
                <operator>IsNull</operator>
                <rightValue>
                    <booleanValue>false</booleanValue>
                </rightValue>
            </conditions>
            <connector>
                <targetReference>delete_inventory</targetReference>
            </connector>
            <label>Inventory not null</label>
        </rules>
    </decisions>
    <decisions>
        <name>check_inwards_are_not_null</name>
        <label>check inwards are not null</label>
        <locationX>336</locationX>
        <locationY>455</locationY>
        <defaultConnectorLabel>Default Outcome</defaultConnectorLabel>
        <rules>
            <name>Stock_inwards_are_not_null</name>
            <conditionLogic>and</conditionLogic>
            <conditions>
                <leftValueReference>Get_Awaiting_stock_inwards</leftValueReference>
                <operator>IsNull</operator>
                <rightValue>
                    <booleanValue>false</booleanValue>
                </rightValue>
            </conditions>
            <connector>
                <targetReference>Loop_through_inwards</targetReference>
            </connector>
            <label>Stock inwards are not null</label>
        </rules>
    </decisions>
    <interviewLabel>Delete awaiting stocks once MO is completed {!$Flow.CurrentDateTime}</interviewLabel>
    <label>Delete awaiting stocks once MO is completed</label>
    <loops>
        <name>Loop_through_inwards</name>
        <label>Loop through inwards</label>
        <locationX>182</locationX>
        <locationY>575</locationY>
        <collectionReference>Get_Awaiting_stock_inwards</collectionReference>
        <iterationOrder>Asc</iterationOrder>
        <nextValueConnector>
            <targetReference>set_inventory_ids</targetReference>
        </nextValueConnector>
        <noMoreValuesConnector>
            <targetReference>get_Inventory</targetReference>
        </noMoreValuesConnector>
    </loops>
    <processMetadataValues>
        <name>BuilderType</name>
        <value>
            <stringValue>LightningFlowBuilder</stringValue>
        </value>
    </processMetadataValues>
    <processMetadataValues>
        <name>CanvasMode</name>
        <value>
            <stringValue>AUTO_LAYOUT_CANVAS</stringValue>
        </value>
    </processMetadataValues>
    <processMetadataValues>
        <name>OriginBuilderType</name>
        <value>
            <stringValue>LightningFlowBuilder</stringValue>
        </value>
    </processMetadataValues>
    <processType>AutoLaunchedFlow</processType>
    <recordDeletes>
        <name>delete_inventory</name>
        <label>delete inventory</label>
        <locationX>50</locationX>
        <locationY>1151</locationY>
        <inputReference>get_Inventory</inputReference>
    </recordDeletes>
    <recordLookups>
        <name>Get_Awaiting_stock_inwards</name>
        <label>Get Awaiting stock inwards</label>
        <locationX>336</locationX>
        <locationY>335</locationY>
        <assignNullValuesIfNoRecordsFound>false</assignNullValuesIfNoRecordsFound>
        <connector>
            <targetReference>check_inwards_are_not_null</targetReference>
        </connector>
        <filterLogic>and</filterLogic>
        <filters>
            <field>Name</field>
            <operator>EqualTo</operator>
            <value>
                <stringValue>Awaiting Stock</stringValue>
            </value>
        </filters>
        <filters>
            <field>Status__c</field>
            <operator>EqualTo</operator>
            <value>
                <stringValue>Awaiting Stock</stringValue>
            </value>
        </filters>
        <filters>
            <field>Active__c</field>
            <operator>EqualTo</operator>
            <value>
                <booleanValue>true</booleanValue>
            </value>
        </filters>
        <filters>
            <field>Manufacturing_Order__c</field>
            <operator>EqualTo</operator>
            <value>
                <elementReference>$Record.Id</elementReference>
            </value>
        </filters>
        <filters>
            <field>Site_ProductService_InventoryStock__c</field>
            <operator>IsNull</operator>
            <value>
                <booleanValue>false</booleanValue>
            </value>
        </filters>
        <getFirstRecordOnly>false</getFirstRecordOnly>
        <object>Stock_Inward_Line_Item__c</object>
        <storeOutputAutomatically>true</storeOutputAutomatically>
    </recordLookups>
    <recordLookups>
        <name>get_Inventory</name>
        <label>get Inventory</label>
        <locationX>182</locationX>
        <locationY>911</locationY>
        <assignNullValuesIfNoRecordsFound>false</assignNullValuesIfNoRecordsFound>
        <connector>
            <targetReference>Check_invnentory</targetReference>
        </connector>
        <filterLogic>and</filterLogic>
        <filters>
            <field>Id</field>
            <operator>In</operator>
            <value>
                <elementReference>InventoryIds</elementReference>
            </value>
        </filters>
        <filters>
            <field>Number_of_Item_In_Stock__c</field>
            <operator>EqualTo</operator>
            <value>
                <numberValue>0.0</numberValue>
            </value>
        </filters>
        <filters>
            <field>Name</field>
            <operator>EqualTo</operator>
            <value>
                <stringValue>Awaiting Stock</stringValue>
            </value>
        </filters>
        <getFirstRecordOnly>false</getFirstRecordOnly>
        <object>Inventory_Stock__c</object>
        <storeOutputAutomatically>true</storeOutputAutomatically>
    </recordLookups>
    <start>
        <locationX>210</locationX>
        <locationY>0</locationY>
        <connector>
            <targetReference>Get_Awaiting_stock_inwards</targetReference>
        </connector>
        <filterLogic>or</filterLogic>
        <filters>
            <field>Status__c</field>
            <operator>EqualTo</operator>
            <value>
                <stringValue>Complete</stringValue>
            </value>
        </filters>
        <filters>
            <field>Status__c</field>
            <operator>EqualTo</operator>
            <value>
                <stringValue>Cancelled</stringValue>
            </value>
        </filters>
        <object>Manufacturing_Order__c</object>
        <recordTriggerType>CreateAndUpdate</recordTriggerType>
        <triggerType>RecordAfterSave</triggerType>
    </start>
    <status>Obsolete</status>
    <variables>
        <name>InventoryIds</name>
        <dataType>String</dataType>
        <isCollection>true</isCollection>
        <isInput>false</isInput>
        <isOutput>false</isOutput>
    </variables>
</Flow>
