<?xml version="1.0" encoding="UTF-8"?>
<Flow xmlns="http://soap.sforce.com/2006/04/metadata">
    <apiVersion>54.0</apiVersion>
    <decisions>
        <name>Check_employee_profile_exists</name>
        <label>Check employee profile exists</label>
        <locationX>182</locationX>
        <locationY>311</locationY>
        <defaultConnectorLabel>Default Outcome</defaultConnectorLabel>
        <rules>
            <name>profile_exists</name>
            <conditionLogic>and</conditionLogic>
            <conditions>
                <leftValueReference>$Record.Employees__r.Employee_Profiling__c</leftValueReference>
                <operator>IsNull</operator>
                <rightValue>
                    <booleanValue>false</booleanValue>
                </rightValue>
            </conditions>
            <conditions>
                <leftValueReference>$Record.Employees__r.Employee_Profiling__r.Cost_to_Company__c</leftValueReference>
                <operator>IsNull</operator>
                <rightValue>
                    <booleanValue>false</booleanValue>
                </rightValue>
            </conditions>
            <connector>
                <targetReference>Copy_1_of_Calculate_emp_Pay</targetReference>
            </connector>
            <label>profile exists</label>
        </rules>
    </decisions>
    <formulas>
        <name>Calculated_Emps_Pay</name>
        <dataType>Currency</dataType>
        <expression>IF(DATEVALUE({!$Record.Employees__r.CreatedDate}) =={!$Record.Employees__r.First_Working_Day__c},
(({!$Record.Employees__r.Employee_Profiling__r.Cost_to_Company__r.Amount__c}/12) / 30) * (30 - (DAY(DATEVALUE({!$Record.Employees__r.CreatedDate})) - 1)), ({!$Record.Employees__r.Employee_Profiling__r.Cost_to_Company__r.Amount__c}/12)
)</expression>
        <scale>2</scale>
    </formulas>
    <formulas>
        <name>OtherTaxAmountCalculation</name>
        <dataType>Currency</dataType>
        <expression>{!$Record.Employees__r.Employee_Profiling__r.Cost_to_Company__r.Fixed_Tax_Amount__c}/12</expression>
        <scale>2</scale>
    </formulas>
    <formulas>
        <name>TaxAmountCalculation</name>
        <dataType>Currency</dataType>
        <expression>{!$Record.Employees__r.Employee_Profiling__r.Cost_to_Company__r.Tax__c} / 12</expression>
        <scale>2</scale>
    </formulas>
    <formulas>
        <name>update_Actual_Gross_Pay</name>
        <dataType>Currency</dataType>
        <expression>{!$Record.Employees__r.Employee_Profiling__r.Cost_to_Company__r.Amount__c} / 12</expression>
        <scale>2</scale>
    </formulas>
    <interviewLabel>Employee Pay Flow {!$Flow.CurrentDateTime}</interviewLabel>
    <label>Employee Pay Flow</label>
    <processMetadataValues>
        <name>BuilderType</name>
        <value>
            <stringValue>LightningFlowBuilder</stringValue>
        </value>
    </processMetadataValues>
    <processMetadataValues>
        <name>CanvasMode</name>
        <value>
            <stringValue>AUTO_LAYOUT_CANVAS</stringValue>
        </value>
    </processMetadataValues>
    <processMetadataValues>
        <name>OriginBuilderType</name>
        <value>
            <stringValue>LightningFlowBuilder</stringValue>
        </value>
    </processMetadataValues>
    <processType>AutoLaunchedFlow</processType>
    <recordUpdates>
        <name>Copy_1_of_Calculate_emp_Pay</name>
        <label>Copy 1 of Calculate emp Pay</label>
        <locationX>50</locationX>
        <locationY>431</locationY>
        <inputAssignments>
            <field>Actual_Gross_Pay__c</field>
            <value>
                <elementReference>update_Actual_Gross_Pay</elementReference>
            </value>
        </inputAssignments>
        <inputAssignments>
            <field>Calculated_Gross_Pay__c</field>
            <value>
                <elementReference>Calculated_Emps_Pay</elementReference>
            </value>
        </inputAssignments>
        <inputAssignments>
            <field>Other_Tax_Amount__c</field>
            <value>
                <elementReference>OtherTaxAmountCalculation</elementReference>
            </value>
        </inputAssignments>
        <inputAssignments>
            <field>Tax_Amount__c</field>
            <value>
                <elementReference>TaxAmountCalculation</elementReference>
            </value>
        </inputAssignments>
        <inputReference>$Record</inputReference>
    </recordUpdates>
    <start>
        <locationX>56</locationX>
        <locationY>0</locationY>
        <connector>
            <targetReference>Check_employee_profile_exists</targetReference>
        </connector>
        <filterLogic>and</filterLogic>
        <filters>
            <field>Active__c</field>
            <operator>EqualTo</operator>
            <value>
                <booleanValue>true</booleanValue>
            </value>
        </filters>
        <object>Employee_Pay__c</object>
        <recordTriggerType>CreateAndUpdate</recordTriggerType>
        <triggerType>RecordBeforeSave</triggerType>
    </start>
    <status>Obsolete</status>
</Flow>
