<?xml version="1.0" encoding="UTF-8"?>
<Flow xmlns="http://soap.sforce.com/2006/04/metadata">
    <apiVersion>54.0</apiVersion>
    <interviewLabel>Enable inventory product on POLI {!$Flow.CurrentDateTime}</interviewLabel>
    <label>Enable inventory product on POLI</label>
    <processMetadataValues>
        <name>BuilderType</name>
        <value>
            <stringValue>LightningFlowBuilder</stringValue>
        </value>
    </processMetadataValues>
    <processMetadataValues>
        <name>CanvasMode</name>
        <value>
            <stringValue>AUTO_LAYOUT_CANVAS</stringValue>
        </value>
    </processMetadataValues>
    <processMetadataValues>
        <name>OriginBuilderType</name>
        <value>
            <stringValue>LightningFlowBuilder</stringValue>
        </value>
    </processMetadataValues>
    <processType>AutoLaunchedFlow</processType>
    <recordUpdates>
        <name>check_whether_the_product_is_inventory_or_non_inventory</name>
        <label>check whether the product is inventory or non-inventory</label>
        <locationX>176</locationX>
        <locationY>311</locationY>
        <inputAssignments>
            <field>Inventory_Product__c</field>
            <value>
                <elementReference>$Record.Product__r.Track_Inventory__c</elementReference>
            </value>
        </inputAssignments>
        <inputReference>$Record</inputReference>
    </recordUpdates>
    <start>
        <locationX>50</locationX>
        <locationY>0</locationY>
        <connector>
            <targetReference>check_whether_the_product_is_inventory_or_non_inventory</targetReference>
        </connector>
        <filterLogic>and</filterLogic>
        <filters>
            <field>Active__c</field>
            <operator>EqualTo</operator>
            <value>
                <booleanValue>true</booleanValue>
            </value>
        </filters>
        <filters>
            <field>Product__c</field>
            <operator>IsNull</operator>
            <value>
                <booleanValue>false</booleanValue>
            </value>
        </filters>
        <object>Purchase_Line_Items__c</object>
        <recordTriggerType>Create</recordTriggerType>
        <triggerType>RecordBeforeSave</triggerType>
    </start>
    <status>Obsolete</status>
</Flow>
