<?xml version="1.0" encoding="UTF-8"?>
<Flow xmlns="http://soap.sforce.com/2006/04/metadata">
    <apiVersion>53.0</apiVersion>
    <interviewLabel>Enable Ready to Pick and Pack/Logistic on standard Order {!$Flow.CurrentDateTime}</interviewLabel>
    <label>Enable Ready to Pick and Pack/Logistic on standard Order</label>
    <processMetadataValues>
        <name>BuilderType</name>
        <value>
            <stringValue>LightningFlowBuilder</stringValue>
        </value>
    </processMetadataValues>
    <processMetadataValues>
        <name>CanvasMode</name>
        <value>
            <stringValue>FREE_FORM_CANVAS</stringValue>
        </value>
    </processMetadataValues>
    <processMetadataValues>
        <name>OriginBuilderType</name>
        <value>
            <stringValue>LightningFlowBuilder</stringValue>
        </value>
    </processMetadataValues>
    <processType>AutoLaunchedFlow</processType>
    <recordUpdates>
        <name>Enable_Ready_to_Pick_and_Pack_Logistic_on_standard_Order</name>
        <label>Enable Ready to Pick and Pack/Logistic on standard Order</label>
        <locationX>224</locationX>
        <locationY>374</locationY>
        <filterLogic>and</filterLogic>
        <filters>
            <field>Total_Quantity__c</field>
            <operator>EqualTo</operator>
            <value>
                <elementReference>Logisticqty</elementReference>
            </value>
        </filters>
        <inputAssignments>
            <field>Logistic__c</field>
            <value>
                <booleanValue>true</booleanValue>
            </value>
        </inputAssignments>
        <inputAssignments>
            <field>Ready_To_Pick_Pack__c</field>
            <value>
                <booleanValue>true</booleanValue>
            </value>
        </inputAssignments>
        <inputReference>$Record</inputReference>
    </recordUpdates>
    <start>
        <locationX>50</locationX>
        <locationY>50</locationY>
        <connector>
            <targetReference>Enable_Ready_to_Pick_and_Pack_Logistic_on_standard_Order</targetReference>
        </connector>
        <filterLogic>and</filterLogic>
        <filters>
            <field>Ready_To_Pick_Pack__c</field>
            <operator>EqualTo</operator>
            <value>
                <booleanValue>false</booleanValue>
            </value>
        </filters>
        <filters>
            <field>Logistic__c</field>
            <operator>EqualTo</operator>
            <value>
                <booleanValue>false</booleanValue>
            </value>
        </filters>
        <filters>
            <field>Total_Logistic_Quantity_U__c</field>
            <operator>GreaterThan</operator>
            <value>
                <numberValue>0.0</numberValue>
            </value>
        </filters>
        <filters>
            <field>Total_Quantity__c</field>
            <operator>GreaterThan</operator>
            <value>
                <numberValue>0.0</numberValue>
            </value>
        </filters>
        <object>Order</object>
        <recordTriggerType>CreateAndUpdate</recordTriggerType>
        <triggerType>RecordAfterSave</triggerType>
    </start>
    <status>Obsolete</status>
    <variables>
        <name>Logisticqty</name>
        <dataType>Number</dataType>
        <isCollection>false</isCollection>
        <isInput>true</isInput>
        <isOutput>true</isOutput>
        <scale>2</scale>
        <value>
            <elementReference>$Record.Total_Logistic_Quantity_U__c</elementReference>
        </value>
    </variables>
</Flow>
