<?xml version="1.0" encoding="UTF-8"?>
<Flow xmlns="http://soap.sforce.com/2006/04/metadata">
    <apiVersion>53.0</apiVersion>
    <formulas>
        <name>TotalQuantity</name>
        <dataType>Number</dataType>
        <expression>{!$Record.Total_Quantity__c}</expression>
        <scale>2</scale>
    </formulas>
    <interviewLabel>Enable ready to receive  once logistic qty equals total qty {!$Flow.CurrentDateTime}</interviewLabel>
    <label>Enable ready to receive  once logistic qty equals total qty</label>
    <processMetadataValues>
        <name>BuilderType</name>
        <value>
            <stringValue>LightningFlowBuilder</stringValue>
        </value>
    </processMetadataValues>
    <processMetadataValues>
        <name>CanvasMode</name>
        <value>
            <stringValue>FREE_FORM_CANVAS</stringValue>
        </value>
    </processMetadataValues>
    <processMetadataValues>
        <name>OriginBuilderType</name>
        <value>
            <stringValue>LightningFlowBuilder</stringValue>
        </value>
    </processMetadataValues>
    <processType>AutoLaunchedFlow</processType>
    <recordUpdates>
        <name>Update_Ready_to_receive_and_logistic_created</name>
        <label>Update Ready to receive and logistic created</label>
        <locationX>176</locationX>
        <locationY>434</locationY>
        <filterLogic>and</filterLogic>
        <filters>
            <field>Ready_To_Receive__c</field>
            <operator>EqualTo</operator>
            <value>
                <booleanValue>true</booleanValue>
            </value>
        </filters>
        <inputAssignments>
            <field>Status__c</field>
            <value>
                <stringValue>Approved</stringValue>
            </value>
        </inputAssignments>
        <inputReference>$Record</inputReference>
    </recordUpdates>
    <start>
        <locationX>50</locationX>
        <locationY>50</locationY>
        <connector>
            <targetReference>Update_Ready_to_receive_and_logistic_created</targetReference>
        </connector>
        <filterLogic>and</filterLogic>
        <filters>
            <field>Active__c</field>
            <operator>EqualTo</operator>
            <value>
                <booleanValue>true</booleanValue>
            </value>
        </filters>
        <object>PO__c</object>
        <recordTriggerType>CreateAndUpdate</recordTriggerType>
        <triggerType>RecordBeforeSave</triggerType>
    </start>
    <status>Obsolete</status>
</Flow>
