<?xml version="1.0" encoding="UTF-8"?>
<Flow xmlns="http://soap.sforce.com/2006/04/metadata">
    <apiVersion>54.0</apiVersion>
    <formulas>
        <name>LocationWarehouseAddress</name>
        <dataType>String</dataType>
        <expression>{!$Record.Name} + &quot;-&quot; + {!$Record.Aisle_Number__c} + &quot;-&quot; + {!$Record.Bay_Number__c} + &quot;-&quot; + {!$Record.Shelf_Number__c}+ &quot;-&quot; +{!$Record.Space_Number__c}</expression>
    </formulas>
    <interviewLabel>Location Flow {!$Flow.CurrentDateTime}</interviewLabel>
    <label>Location Flow</label>
    <processMetadataValues>
        <name>BuilderType</name>
        <value>
            <stringValue>LightningFlowBuilder</stringValue>
        </value>
    </processMetadataValues>
    <processMetadataValues>
        <name>CanvasMode</name>
        <value>
            <stringValue>AUTO_LAYOUT_CANVAS</stringValue>
        </value>
    </processMetadataValues>
    <processMetadataValues>
        <name>OriginBuilderType</name>
        <value>
            <stringValue>LightningFlowBuilder</stringValue>
        </value>
    </processMetadataValues>
    <processType>AutoLaunchedFlow</processType>
    <recordUpdates>
        <name>set_warehouse_address</name>
        <label>set warehouse address</label>
        <locationX>176</locationX>
        <locationY>311</locationY>
        <inputAssignments>
            <field>Warehouse_Address__c</field>
            <value>
                <elementReference>LocationWarehouseAddress</elementReference>
            </value>
        </inputAssignments>
        <inputReference>$Record</inputReference>
    </recordUpdates>
    <start>
        <locationX>50</locationX>
        <locationY>0</locationY>
        <connector>
            <targetReference>set_warehouse_address</targetReference>
        </connector>
        <filterLogic>and</filterLogic>
        <filters>
            <field>Active__c</field>
            <operator>EqualTo</operator>
            <value>
                <booleanValue>true</booleanValue>
            </value>
        </filters>
        <filters>
            <field>Site__c</field>
            <operator>IsNull</operator>
            <value>
                <booleanValue>false</booleanValue>
            </value>
        </filters>
        <object>Location__c</object>
        <recordTriggerType>CreateAndUpdate</recordTriggerType>
        <triggerType>RecordBeforeSave</triggerType>
    </start>
    <status>Obsolete</status>
</Flow>
