<?xml version="1.0" encoding="UTF-8"?>
<Flow xmlns="http://soap.sforce.com/2006/04/metadata">
    <apiVersion>57.0</apiVersion>
    <description>Migrated from the Mark Bill as Matched process using When Total QTY equals Reconcile QTY criteria.</description>
    <label>Mark Bill as Matched_1</label>
    <processMetadataValues>
        <name>BuilderType</name>
        <value>
            <stringValue>LightningFlowBuilder</stringValue>
        </value>
    </processMetadataValues>
    <processMetadataValues>
        <name>CanvasMode</name>
        <value>
            <stringValue>FREE_FORM_CANVAS</stringValue>
        </value>
    </processMetadataValues>
    <processType>AutoLaunchedFlow</processType>
    <recordUpdates>
        <name>myRule_1_A1</name>
        <label>Mark Matched Checkbox True</label>
        <locationX>670</locationX>
        <locationY>383</locationY>
        <filterLogic>and</filterLogic>
        <filters>
            <field>Total_Quantity__c</field>
            <operator>EqualTo</operator>
            <value>
                <elementReference>$Record.Reconciled_Quantity__c</elementReference>
            </value>
        </filters>
        <inputAssignments>
            <field>Matched__c</field>
            <value>
                <booleanValue>true</booleanValue>
            </value>
        </inputAssignments>
        <inputReference>$Record</inputReference>
    </recordUpdates>
    <start>
        <locationX>543</locationX>
        <locationY>48</locationY>
        <connector>
            <targetReference>myRule_1_A1</targetReference>
        </connector>
        <filterLogic>and</filterLogic>
        <filters>
            <field>Total_Quantity__c</field>
            <operator>GreaterThan</operator>
            <value>
                <numberValue>0.0</numberValue>
            </value>
        </filters>
        <filters>
            <field>Matched__c</field>
            <operator>EqualTo</operator>
            <value>
                <booleanValue>false</booleanValue>
            </value>
        </filters>
        <filters>
            <field>Reconciled_Quantity__c</field>
            <operator>GreaterThan</operator>
            <value>
                <numberValue>0.0</numberValue>
            </value>
        </filters>
        <object>Bill__c</object>
        <recordTriggerType>CreateAndUpdate</recordTriggerType>
        <triggerType>RecordAfterSave</triggerType>
    </start>
    <status>Obsolete</status>
</Flow>
