<?xml version="1.0" encoding="UTF-8"?>
<Flow xmlns="http://soap.sforce.com/2006/04/metadata">
    <apiVersion>55.0</apiVersion>
    <assignments>
        <name>Calculate_the_total_stock</name>
        <label>Calculate the total stock</label>
        <locationX>270</locationX>
        <locationY>695</locationY>
        <assignmentItems>
            <assignToReference>TotalStock</assignToReference>
            <operator>Add</operator>
            <value>
                <elementReference>Loop_through_the_inventory.Number_of_Item_In_Stock__c</elementReference>
            </value>
        </assignmentItems>
        <connector>
            <targetReference>Loop_through_the_inventory</targetReference>
        </connector>
    </assignments>
    <decisions>
        <name>Check_the_stock_and_mark_the_as_insufficient_stock_on_MRP</name>
        <label>Check the stock and mark the as insufficient stock on MRP</label>
        <locationX>182</locationX>
        <locationY>911</locationY>
        <defaultConnector>
            <targetReference>MArk_Insufficient_stock_as_false</targetReference>
        </defaultConnector>
        <defaultConnectorLabel>Default Outcome</defaultConnectorLabel>
        <rules>
            <name>mark_the_as_insufficient_stock_on_MRP</name>
            <conditionLogic>and</conditionLogic>
            <conditions>
                <leftValueReference>TotalStock</leftValueReference>
                <operator>LessThan</operator>
                <rightValue>
                    <elementReference>$Record.Total_Amount_Required__c</elementReference>
                </rightValue>
            </conditions>
            <connector>
                <targetReference>Mark_as_Insufficient_stock</targetReference>
            </connector>
            <label>mark the as insufficient stock on MRP</label>
        </rules>
    </decisions>
    <interviewLabel>Mark the MRP as insufficient stock if no enough stock {!$Flow.CurrentDateTime}</interviewLabel>
    <label>Mark the MRP as insufficient stock if no enough stock</label>
    <loops>
        <name>Loop_through_the_inventory</name>
        <label>Loop through the inventory</label>
        <locationX>182</locationX>
        <locationY>575</locationY>
        <collectionReference>InventoryRecords</collectionReference>
        <iterationOrder>Asc</iterationOrder>
        <nextValueConnector>
            <targetReference>Calculate_the_total_stock</targetReference>
        </nextValueConnector>
        <noMoreValuesConnector>
            <targetReference>Check_the_stock_and_mark_the_as_insufficient_stock_on_MRP</targetReference>
        </noMoreValuesConnector>
    </loops>
    <processMetadataValues>
        <name>BuilderType</name>
        <value>
            <stringValue>LightningFlowBuilder</stringValue>
        </value>
    </processMetadataValues>
    <processMetadataValues>
        <name>CanvasMode</name>
        <value>
            <stringValue>AUTO_LAYOUT_CANVAS</stringValue>
        </value>
    </processMetadataValues>
    <processMetadataValues>
        <name>OriginBuilderType</name>
        <value>
            <stringValue>LightningFlowBuilder</stringValue>
        </value>
    </processMetadataValues>
    <processType>AutoLaunchedFlow</processType>
    <recordLookups>
        <name>Get_All_Invnetory</name>
        <label>Get All Invnetory</label>
        <locationX>182</locationX>
        <locationY>455</locationY>
        <assignNullValuesIfNoRecordsFound>false</assignNullValuesIfNoRecordsFound>
        <connector>
            <targetReference>Loop_through_the_inventory</targetReference>
        </connector>
        <filterLogic>and</filterLogic>
        <filters>
            <field>Active__c</field>
            <operator>EqualTo</operator>
            <value>
                <booleanValue>true</booleanValue>
            </value>
        </filters>
        <filters>
            <field>Warehouse__c</field>
            <operator>EqualTo</operator>
            <value>
                <elementReference>Get_DC.Site__c</elementReference>
            </value>
        </filters>
        <filters>
            <field>Product__c</field>
            <operator>EqualTo</operator>
            <value>
                <elementReference>$Record.MRP_Product__c</elementReference>
            </value>
        </filters>
        <filters>
            <field>Number_of_Item_In_Stock__c</field>
            <operator>GreaterThan</operator>
            <value>
                <numberValue>0.0</numberValue>
            </value>
        </filters>
        <object>Inventory_Stock__c</object>
        <outputReference>InventoryRecords</outputReference>
        <queriedFields>Id</queriedFields>
        <queriedFields>Number_of_Item_In_Stock__c</queriedFields>
        <sortField>CreatedDate</sortField>
        <sortOrder>Asc</sortOrder>
    </recordLookups>
    <recordLookups>
        <name>Get_DC</name>
        <label>Get DC</label>
        <locationX>182</locationX>
        <locationY>335</locationY>
        <assignNullValuesIfNoRecordsFound>false</assignNullValuesIfNoRecordsFound>
        <connector>
            <targetReference>Get_All_Invnetory</targetReference>
        </connector>
        <filterLogic>and</filterLogic>
        <filters>
            <field>Active__c</field>
            <operator>EqualTo</operator>
            <value>
                <booleanValue>true</booleanValue>
            </value>
        </filters>
        <filters>
            <field>Site__c</field>
            <operator>IsNull</operator>
            <value>
                <booleanValue>false</booleanValue>
            </value>
        </filters>
        <filters>
            <field>Channel__c</field>
            <operator>EqualTo</operator>
            <value>
                <elementReference>$Record.Order_Product__r.Order.Channel__c</elementReference>
            </value>
        </filters>
        <getFirstRecordOnly>true</getFirstRecordOnly>
        <object>Distribution_Channel__c</object>
        <sortField>Priority__c</sortField>
        <sortOrder>Asc</sortOrder>
        <storeOutputAutomatically>true</storeOutputAutomatically>
    </recordLookups>
    <recordUpdates>
        <name>Mark_as_Insufficient_stock</name>
        <label>Mark as Insufficient stock</label>
        <locationX>50</locationX>
        <locationY>1031</locationY>
        <inputAssignments>
            <field>Insufficient_Stock__c</field>
            <value>
                <booleanValue>true</booleanValue>
            </value>
        </inputAssignments>
        <inputReference>$Record</inputReference>
    </recordUpdates>
    <recordUpdates>
        <name>MArk_Insufficient_stock_as_false</name>
        <label>MArk Insufficient stock as false</label>
        <locationX>314</locationX>
        <locationY>1031</locationY>
        <inputAssignments>
            <field>Insufficient_Stock__c</field>
            <value>
                <booleanValue>false</booleanValue>
            </value>
        </inputAssignments>
        <inputReference>$Record</inputReference>
    </recordUpdates>
    <start>
        <locationX>56</locationX>
        <locationY>0</locationY>
        <connector>
            <targetReference>Get_DC</targetReference>
        </connector>
        <filterLogic>and</filterLogic>
        <filters>
            <field>Order_Product__c</field>
            <operator>IsNull</operator>
            <value>
                <booleanValue>false</booleanValue>
            </value>
        </filters>
        <filters>
            <field>MRP_Product__c</field>
            <operator>IsNull</operator>
            <value>
                <booleanValue>false</booleanValue>
            </value>
        </filters>
        <object>MRP__c</object>
        <recordTriggerType>CreateAndUpdate</recordTriggerType>
        <triggerType>RecordAfterSave</triggerType>
    </start>
    <status>Obsolete</status>
    <variables>
        <name>InventoryRecords</name>
        <dataType>SObject</dataType>
        <isCollection>true</isCollection>
        <isInput>false</isInput>
        <isOutput>false</isOutput>
        <objectType>Inventory_Stock__c</objectType>
    </variables>
    <variables>
        <name>TotalStock</name>
        <dataType>Number</dataType>
        <isCollection>false</isCollection>
        <isInput>false</isInput>
        <isOutput>false</isOutput>
        <scale>0</scale>
        <value>
            <numberValue>0.0</numberValue>
        </value>
    </variables>
</Flow>
