<?xml version="1.0" encoding="UTF-8"?>
<Flow xmlns="http://soap.sforce.com/2006/04/metadata">
    <apiVersion>57.0</apiVersion>
    <decisions>
        <name>Check_if_the_order_is_assigned</name>
        <label>Check if the order is assigned</label>
        <locationX>182</locationX>
        <locationY>335</locationY>
        <defaultConnectorLabel>Default Outcome</defaultConnectorLabel>
        <rules>
            <name>order_is_assigned</name>
            <conditionLogic>and</conditionLogic>
            <conditions>
                <leftValueReference>$Record.Order__c</leftValueReference>
                <operator>IsNull</operator>
                <rightValue>
                    <booleanValue>false</booleanValue>
                </rightValue>
            </conditions>
            <connector>
                <targetReference>get_orders</targetReference>
            </connector>
            <label>order is assigned</label>
        </rules>
    </decisions>
    <environments>Default</environments>
    <formulas>
        <name>OrdershipAmount</name>
        <dataType>Number</dataType>
        <expression>{!$Record.Shipping_Amount__c} + {!get_orders.Estimated_Shipping_Amount__c} + {!get_orders.Total_Shipping_Amount__c}</expression>
        <scale>2</scale>
    </formulas>
    <interviewLabel>Populate ship amount on associated orders {!$Flow.CurrentDateTime}</interviewLabel>
    <label>Populate ship amount on associated orders</label>
    <processMetadataValues>
        <name>BuilderType</name>
        <value>
            <stringValue>LightningFlowBuilder</stringValue>
        </value>
    </processMetadataValues>
    <processMetadataValues>
        <name>CanvasMode</name>
        <value>
            <stringValue>AUTO_LAYOUT_CANVAS</stringValue>
        </value>
    </processMetadataValues>
    <processMetadataValues>
        <name>OriginBuilderType</name>
        <value>
            <stringValue>LightningFlowBuilder</stringValue>
        </value>
    </processMetadataValues>
    <processType>AutoLaunchedFlow</processType>
    <recordLookups>
        <name>get_orders</name>
        <label>get orders</label>
        <locationX>50</locationX>
        <locationY>455</locationY>
        <assignNullValuesIfNoRecordsFound>false</assignNullValuesIfNoRecordsFound>
        <connector>
            <targetReference>update_order_shipping_amount</targetReference>
        </connector>
        <filterLogic>and</filterLogic>
        <filters>
            <field>Id</field>
            <operator>EqualTo</operator>
            <value>
                <elementReference>$Record.Order__c</elementReference>
            </value>
        </filters>
        <getFirstRecordOnly>true</getFirstRecordOnly>
        <object>Order</object>
        <storeOutputAutomatically>true</storeOutputAutomatically>
    </recordLookups>
    <recordUpdates>
        <name>update_order_shipping_amount</name>
        <label>update order shipping amount</label>
        <locationX>50</locationX>
        <locationY>575</locationY>
        <filterLogic>and</filterLogic>
        <filters>
            <field>Id</field>
            <operator>EqualTo</operator>
            <value>
                <elementReference>$Record.Order__c</elementReference>
            </value>
        </filters>
        <inputAssignments>
            <field>Total_Shipping_Amount__c</field>
            <value>
                <elementReference>OrdershipAmount</elementReference>
            </value>
        </inputAssignments>
        <object>Order</object>
    </recordUpdates>
    <start>
        <locationX>56</locationX>
        <locationY>0</locationY>
        <connector>
            <targetReference>Check_if_the_order_is_assigned</targetReference>
        </connector>
        <filterLogic>and</filterLogic>
        <filters>
            <field>Shipping_Amount__c</field>
            <operator>IsNull</operator>
            <value>
                <booleanValue>false</booleanValue>
            </value>
        </filters>
        <object>Shipment__c</object>
        <recordTriggerType>CreateAndUpdate</recordTriggerType>
        <triggerType>RecordAfterSave</triggerType>
    </start>
    <status>Obsolete</status>
</Flow>
