<?xml version="1.0" encoding="UTF-8"?>
<Flow xmlns="http://soap.sforce.com/2006/04/metadata">
    <apiVersion>57.0</apiVersion>
    <description>Migrated from the Post Un-Post Logistic Line Items process using Check Logistic is Posted criteria.</description>
    <label>Post Un-Post Logistic Line Items</label>
    <processMetadataValues>
        <name>BuilderType</name>
        <value>
            <stringValue>LightningFlowBuilder</stringValue>
        </value>
    </processMetadataValues>
    <processMetadataValues>
        <name>CanvasMode</name>
        <value>
            <stringValue>FREE_FORM_CANVAS</stringValue>
        </value>
    </processMetadataValues>
    <processType>AutoLaunchedFlow</processType>
    <recordUpdates>
        <name>myRule_1_A1</name>
        <label>Post Un-Post Logistic Line Item</label>
        <locationX>670</locationX>
        <locationY>383</locationY>
        <inputAssignments>
            <field>Posted__c</field>
            <value>
                <elementReference>$Record.Posted__c</elementReference>
            </value>
        </inputAssignments>
        <inputReference>$Record.Logistic_Line_Items__r</inputReference>
    </recordUpdates>
    <start>
        <locationX>543</locationX>
        <locationY>48</locationY>
        <connector>
            <targetReference>myRule_1_A1</targetReference>
        </connector>
        <filterLogic>and</filterLogic>
        <filters>
            <field>Posted__c</field>
            <operator>IsChanged</operator>
            <value>
                <booleanValue>true</booleanValue>
            </value>
        </filters>
        <object>Logistic__c</object>
        <recordTriggerType>CreateAndUpdate</recordTriggerType>
        <triggerType>RecordAfterSave</triggerType>
    </start>
    <status>Obsolete</status>
</Flow>
