<?xml version="1.0" encoding="UTF-8"?>
<Flow xmlns="http://soap.sforce.com/2006/04/metadata">
    <apiVersion>57.0</apiVersion>
    <description>Migrated from the Post Un-Post Stock Out Ward Line Items process using Post Un-Post Stock Outward Line Item criteria.</description>
    <label>Post Un-Post Stock Out Ward Line Items_1</label>
    <processMetadataValues>
        <name>CanvasMode</name>
        <value>
            <stringValue>AUTO_LAYOUT_CANVAS</stringValue>
        </value>
    </processMetadataValues>
    <processType>AutoLaunchedFlow</processType>
    <recordUpdates>
        <name>myRule_1_A1</name>
        <label>Post Un-Post Stock out ward line items</label>
        <locationX>0</locationX>
        <locationY>0</locationY>
        <inputAssignments>
            <field>Posted__c</field>
            <value>
                <elementReference>$Record.Posted__c</elementReference>
            </value>
        </inputAssignments>
        <inputReference>$Record.Stock_Outward_Line_Items__r</inputReference>
    </recordUpdates>
    <start>
        <locationX>0</locationX>
        <locationY>0</locationY>
        <connector>
            <targetReference>myRule_1_A1</targetReference>
        </connector>
        <filterLogic>and</filterLogic>
        <filters>
            <field>Posted__c</field>
            <operator>EqualTo</operator>
            <value>
                <booleanValue>true</booleanValue>
            </value>
        </filters>
        <object>Logistic_Line_Item__c</object>
        <recordTriggerType>CreateAndUpdate</recordTriggerType>
        <triggerType>RecordAfterSave</triggerType>
    </start>
    <status>Obsolete</status>
</Flow>
