<?xml version="1.0" encoding="UTF-8"?>
<Flow xmlns="http://soap.sforce.com/2006/04/metadata">
    <apiVersion>53.0</apiVersion>
    <interviewLabel>Posting Stock Inward {!$Flow.CurrentDateTime}</interviewLabel>
    <label>Posting Stock Inward</label>
    <processMetadataValues>
        <name>BuilderType</name>
        <value>
            <stringValue>LightningFlowBuilder</stringValue>
        </value>
    </processMetadataValues>
    <processMetadataValues>
        <name>CanvasMode</name>
        <value>
            <stringValue>FREE_FORM_CANVAS</stringValue>
        </value>
    </processMetadataValues>
    <processMetadataValues>
        <name>OriginBuilderType</name>
        <value>
            <stringValue>LightningFlowBuilder</stringValue>
        </value>
    </processMetadataValues>
    <processType>AutoLaunchedFlow</processType>
    <recordUpdates>
        <name>Posted_Stock_Inward</name>
        <label>Posted Stock Inward</label>
        <locationX>321</locationX>
        <locationY>377</locationY>
        <inputAssignments>
            <field>Posted__c</field>
            <value>
                <booleanValue>true</booleanValue>
            </value>
        </inputAssignments>
        <inputReference>$Record</inputReference>
    </recordUpdates>
    <start>
        <locationX>273</locationX>
        <locationY>50</locationY>
        <connector>
            <targetReference>Posted_Stock_Inward</targetReference>
        </connector>
        <filterLogic>and</filterLogic>
        <filters>
            <field>RMA_Line_Item__c</field>
            <operator>IsNull</operator>
            <value>
                <booleanValue>false</booleanValue>
            </value>
        </filters>
        <filters>
            <field>Quantity__c</field>
            <operator>GreaterThan</operator>
            <value>
                <numberValue>0.0</numberValue>
            </value>
        </filters>
        <object>Stock_Inward_Line_Item__c</object>
        <recordTriggerType>Create</recordTriggerType>
        <triggerType>RecordBeforeSave</triggerType>
    </start>
    <status>Obsolete</status>
</Flow>
