<?xml version="1.0" encoding="UTF-8"?>
<Flow xmlns="http://soap.sforce.com/2006/04/metadata">
    <apiVersion>54.0</apiVersion>
    <assignments>
        <name>Refunds</name>
        <label>Refunds</label>
        <locationX>50</locationX>
        <locationY>431</locationY>
        <assignmentItems>
            <assignToReference>$Record.Issue_Refund__c</assignToReference>
            <operator>Assign</operator>
            <value>
                <booleanValue>true</booleanValue>
            </value>
        </assignmentItems>
    </assignments>
    <decisions>
        <name>Refund</name>
        <label>Refund</label>
        <locationX>182</locationX>
        <locationY>311</locationY>
        <defaultConnectorLabel>Default Outcome</defaultConnectorLabel>
        <rules>
            <name>Update_Refund</name>
            <conditionLogic>and</conditionLogic>
            <conditions>
                <leftValueReference>$Record.Return_Merchandise_Authorisation__r.Authorize__c</leftValueReference>
                <operator>EqualTo</operator>
                <rightValue>
                    <booleanValue>true</booleanValue>
                </rightValue>
            </conditions>
            <conditions>
                <leftValueReference>$Record.Acceptance_Type__c</leftValueReference>
                <operator>EqualTo</operator>
                <rightValue>
                    <stringValue>Return</stringValue>
                </rightValue>
            </conditions>
            <connector>
                <targetReference>Refunds</targetReference>
            </connector>
            <label>Update Refund</label>
        </rules>
    </decisions>
    <interviewLabel>RMA Line Item Flow {!$Flow.CurrentDateTime}</interviewLabel>
    <label>RMA Line Item Flow</label>
    <processMetadataValues>
        <name>BuilderType</name>
        <value>
            <stringValue>LightningFlowBuilder</stringValue>
        </value>
    </processMetadataValues>
    <processMetadataValues>
        <name>CanvasMode</name>
        <value>
            <stringValue>AUTO_LAYOUT_CANVAS</stringValue>
        </value>
    </processMetadataValues>
    <processMetadataValues>
        <name>OriginBuilderType</name>
        <value>
            <stringValue>LightningFlowBuilder</stringValue>
        </value>
    </processMetadataValues>
    <processType>AutoLaunchedFlow</processType>
    <start>
        <locationX>56</locationX>
        <locationY>0</locationY>
        <connector>
            <targetReference>Refund</targetReference>
        </connector>
        <filterLogic>and</filterLogic>
        <filters>
            <field>Active__c</field>
            <operator>EqualTo</operator>
            <value>
                <booleanValue>true</booleanValue>
            </value>
        </filters>
        <object>RMA_Line_Item__c</object>
        <recordTriggerType>CreateAndUpdate</recordTriggerType>
        <triggerType>RecordBeforeSave</triggerType>
    </start>
    <status>Obsolete</status>
</Flow>
