<?xml version="1.0" encoding="UTF-8"?>
<Flow xmlns="http://soap.sforce.com/2006/04/metadata">
    <apiVersion>57.0</apiVersion>
    <decisions>
        <name>check_the_number_of_items_in_stock</name>
        <label>check the number of items in stock</label>
        <locationX>176</locationX>
        <locationY>335</locationY>
        <defaultConnectorLabel>Default Outcome</defaultConnectorLabel>
        <rules>
            <name>Number_of_items_in_stock_less_than_reorder_mini</name>
            <conditionLogic>and</conditionLogic>
            <conditions>
                <leftValueReference>$Record.Number_of_Item_In_Stock__c</leftValueReference>
                <operator>LessThanOrEqualTo</operator>
                <rightValue>
                    <elementReference>$Record.Reordering_Rule__r.Minimum_Quantity__c</elementReference>
                </rightValue>
            </conditions>
            <label>Number of items in stock less than reorder mini</label>
        </rules>
    </decisions>
    <environments>Default</environments>
    <interviewLabel>Send Email alert when Minimum qty is reached on Stock {!$Flow.CurrentDateTime}</interviewLabel>
    <label>Send Email alert when Minimum qty is reached on Stock</label>
    <processMetadataValues>
        <name>BuilderType</name>
        <value>
            <stringValue>LightningFlowBuilder</stringValue>
        </value>
    </processMetadataValues>
    <processMetadataValues>
        <name>CanvasMode</name>
        <value>
            <stringValue>AUTO_LAYOUT_CANVAS</stringValue>
        </value>
    </processMetadataValues>
    <processMetadataValues>
        <name>OriginBuilderType</name>
        <value>
            <stringValue>LightningFlowBuilder</stringValue>
        </value>
    </processMetadataValues>
    <processType>AutoLaunchedFlow</processType>
    <start>
        <locationX>50</locationX>
        <locationY>0</locationY>
        <connector>
            <targetReference>check_the_number_of_items_in_stock</targetReference>
        </connector>
        <filterLogic>and</filterLogic>
        <filters>
            <field>Reordering_Rule__c</field>
            <operator>IsNull</operator>
            <value>
                <booleanValue>false</booleanValue>
            </value>
        </filters>
        <object>Inventory_Stock__c</object>
        <recordTriggerType>CreateAndUpdate</recordTriggerType>
        <triggerType>RecordAfterSave</triggerType>
    </start>
    <status>Obsolete</status>
</Flow>
