<?xml version="1.0" encoding="UTF-8"?>
<Flow xmlns="http://soap.sforce.com/2006/04/metadata">
    <apiVersion>57.0</apiVersion>
    <formulas>
        <name>ExDate</name>
        <dataType>Date</dataType>
        <expression>IF(
    NOT(ISBLANK({!$Record.Expense__r.Date__c})),
    {!$Record.Expense__r.Date__c},
    {!$Record.Expense_Date__c}
)</expression>
    </formulas>
    <interviewLabel>Set Expense date from expense items {!$Flow.CurrentDateTime}</interviewLabel>
    <label>Set Expense date from expense items</label>
    <processMetadataValues>
        <name>BuilderType</name>
        <value>
            <stringValue>LightningFlowBuilder</stringValue>
        </value>
    </processMetadataValues>
    <processMetadataValues>
        <name>CanvasMode</name>
        <value>
            <stringValue>AUTO_LAYOUT_CANVAS</stringValue>
        </value>
    </processMetadataValues>
    <processMetadataValues>
        <name>OriginBuilderType</name>
        <value>
            <stringValue>LightningFlowBuilder</stringValue>
        </value>
    </processMetadataValues>
    <processType>AutoLaunchedFlow</processType>
    <recordUpdates>
        <name>update_expense_records</name>
        <label>update expense records</label>
        <locationX>176</locationX>
        <locationY>335</locationY>
        <filterLogic>and</filterLogic>
        <filters>
            <field>Id</field>
            <operator>EqualTo</operator>
            <value>
                <elementReference>$Record.Expense__c</elementReference>
            </value>
        </filters>
        <inputAssignments>
            <field>Date__c</field>
            <value>
                <elementReference>ExDate</elementReference>
            </value>
        </inputAssignments>
        <object>Expense__c</object>
    </recordUpdates>
    <start>
        <locationX>50</locationX>
        <locationY>0</locationY>
        <connector>
            <targetReference>update_expense_records</targetReference>
        </connector>
        <filterLogic>and</filterLogic>
        <filters>
            <field>Expense_Date__c</field>
            <operator>IsNull</operator>
            <value>
                <booleanValue>false</booleanValue>
            </value>
        </filters>
        <filters>
            <field>Expense__c</field>
            <operator>IsNull</operator>
            <value>
                <booleanValue>false</booleanValue>
            </value>
        </filters>
        <object>Expense_Line_Item__c</object>
        <recordTriggerType>CreateAndUpdate</recordTriggerType>
        <triggerType>RecordAfterSave</triggerType>
    </start>
    <status>Obsolete</status>
</Flow>
