<?xml version="1.0" encoding="UTF-8"?>
<Flow xmlns="http://soap.sforce.com/2006/04/metadata">
    <apiVersion>57.0</apiVersion>
    <decisions>
        <name>Check_payment_update_criteria</name>
        <label>Check payment update criteria</label>
        <locationX>182</locationX>
        <locationY>335</locationY>
        <defaultConnectorLabel>Default Outcome</defaultConnectorLabel>
        <rules>
            <name>Criteria_meets</name>
            <conditionLogic>(1 OR 2) AND 3 AND 4</conditionLogic>
            <conditions>
                <leftValueReference>$Record.Transaction_Status__c</leftValueReference>
                <operator>Contains</operator>
                <rightValue>
                    <stringValue>Success</stringValue>
                </rightValue>
            </conditions>
            <conditions>
                <leftValueReference>$Record.Transaction_Status__c</leftValueReference>
                <operator>Contains</operator>
                <rightValue>
                    <stringValue>Approved</stringValue>
                </rightValue>
            </conditions>
            <conditions>
                <leftValueReference>$Record.RecordType.DeveloperName</leftValueReference>
                <operator>EqualTo</operator>
                <rightValue>
                    <stringValue>Card_Payments</stringValue>
                </rightValue>
            </conditions>
            <conditions>
                <leftValueReference>$Record.CreatedBy.Name</leftValueReference>
                <operator>NotEqualTo</operator>
                <rightValue>
                    <stringValue>Payments Site Guest User</stringValue>
                </rightValue>
            </conditions>
            <connector>
                <targetReference>update_status</targetReference>
            </connector>
            <label>Criteria meets</label>
        </rules>
    </decisions>
    <interviewLabel>Set payment status {!$Flow.CurrentDateTime}</interviewLabel>
    <label>Set payment status</label>
    <processMetadataValues>
        <name>BuilderType</name>
        <value>
            <stringValue>LightningFlowBuilder</stringValue>
        </value>
    </processMetadataValues>
    <processMetadataValues>
        <name>CanvasMode</name>
        <value>
            <stringValue>AUTO_LAYOUT_CANVAS</stringValue>
        </value>
    </processMetadataValues>
    <processMetadataValues>
        <name>OriginBuilderType</name>
        <value>
            <stringValue>LightningFlowBuilder</stringValue>
        </value>
    </processMetadataValues>
    <processType>AutoLaunchedFlow</processType>
    <recordUpdates>
        <name>update_status</name>
        <label>update status</label>
        <locationX>50</locationX>
        <locationY>455</locationY>
        <inputAssignments>
            <field>Status__c</field>
            <value>
                <stringValue>Paid</stringValue>
            </value>
        </inputAssignments>
        <inputReference>$Record</inputReference>
    </recordUpdates>
    <start>
        <locationX>56</locationX>
        <locationY>0</locationY>
        <connector>
            <targetReference>Check_payment_update_criteria</targetReference>
        </connector>
        <object>Payment__c</object>
        <recordTriggerType>CreateAndUpdate</recordTriggerType>
        <triggerType>RecordAfterSave</triggerType>
    </start>
    <status>Obsolete</status>
</Flow>
