<?xml version="1.0" encoding="UTF-8"?>
<Flow xmlns="http://soap.sforce.com/2006/04/metadata">
    <apiVersion>57.0</apiVersion>
    <assignments>
        <name>Set_cost</name>
        <label>Set cost</label>
        <locationX>264</locationX>
        <locationY>575</locationY>
        <assignmentItems>
            <assignToReference>Totalcost</assignToReference>
            <operator>Add</operator>
            <value>
                <elementReference>get_cost.Material_Cost__c</elementReference>
            </value>
        </assignmentItems>
        <connector>
            <targetReference>get_cost</targetReference>
        </connector>
    </assignments>
    <interviewLabel>Set Work Order material cost on MOs {!$Flow.CurrentDateTime}</interviewLabel>
    <label>Set Work Order material cost on MOs</label>
    <loops>
        <name>get_cost</name>
        <label>get cost</label>
        <locationX>176</locationX>
        <locationY>455</locationY>
        <collectionReference>Get_Work_orders_associated_with_MOs</collectionReference>
        <iterationOrder>Asc</iterationOrder>
        <nextValueConnector>
            <targetReference>Set_cost</targetReference>
        </nextValueConnector>
        <noMoreValuesConnector>
            <targetReference>Update_MO</targetReference>
        </noMoreValuesConnector>
    </loops>
    <processMetadataValues>
        <name>BuilderType</name>
        <value>
            <stringValue>LightningFlowBuilder</stringValue>
        </value>
    </processMetadataValues>
    <processMetadataValues>
        <name>CanvasMode</name>
        <value>
            <stringValue>AUTO_LAYOUT_CANVAS</stringValue>
        </value>
    </processMetadataValues>
    <processMetadataValues>
        <name>OriginBuilderType</name>
        <value>
            <stringValue>LightningFlowBuilder</stringValue>
        </value>
    </processMetadataValues>
    <processType>AutoLaunchedFlow</processType>
    <recordLookups>
        <name>Get_Work_orders_associated_with_MOs</name>
        <label>Get Work orders associated with MOs</label>
        <locationX>176</locationX>
        <locationY>335</locationY>
        <assignNullValuesIfNoRecordsFound>false</assignNullValuesIfNoRecordsFound>
        <connector>
            <targetReference>get_cost</targetReference>
        </connector>
        <filterLogic>and</filterLogic>
        <filters>
            <field>MO__c</field>
            <operator>EqualTo</operator>
            <value>
                <elementReference>$Record.MO__c</elementReference>
            </value>
        </filters>
        <filters>
            <field>Material_Cost__c</field>
            <operator>IsNull</operator>
            <value>
                <booleanValue>false</booleanValue>
            </value>
        </filters>
        <getFirstRecordOnly>false</getFirstRecordOnly>
        <object>WO__c</object>
        <storeOutputAutomatically>true</storeOutputAutomatically>
    </recordLookups>
    <recordUpdates>
        <name>Update_MO</name>
        <label>Update MO</label>
        <locationX>176</locationX>
        <locationY>791</locationY>
        <filterLogic>and</filterLogic>
        <filters>
            <field>Id</field>
            <operator>EqualTo</operator>
            <value>
                <elementReference>$Record.MO__c</elementReference>
            </value>
        </filters>
        <inputAssignments>
            <field>Material_Cost__c</field>
            <value>
                <elementReference>Totalcost</elementReference>
            </value>
        </inputAssignments>
        <object>Manufacturing_Order__c</object>
    </recordUpdates>
    <start>
        <locationX>50</locationX>
        <locationY>0</locationY>
        <connector>
            <targetReference>Get_Work_orders_associated_with_MOs</targetReference>
        </connector>
        <filterLogic>and</filterLogic>
        <filters>
            <field>Material_Cost__c</field>
            <operator>IsNull</operator>
            <value>
                <booleanValue>false</booleanValue>
            </value>
        </filters>
        <filters>
            <field>Material_Cost__c</field>
            <operator>GreaterThan</operator>
            <value>
                <numberValue>0.0</numberValue>
            </value>
        </filters>
        <filters>
            <field>MO__c</field>
            <operator>IsNull</operator>
            <value>
                <booleanValue>false</booleanValue>
            </value>
        </filters>
        <object>WO__c</object>
        <recordTriggerType>CreateAndUpdate</recordTriggerType>
        <triggerType>RecordAfterSave</triggerType>
    </start>
    <status>Obsolete</status>
    <variables>
        <name>Totalcost</name>
        <dataType>Number</dataType>
        <isCollection>false</isCollection>
        <isInput>false</isInput>
        <isOutput>false</isOutput>
        <scale>2</scale>
    </variables>
</Flow>
