<?xml version="1.0" encoding="UTF-8"?>
<Flow xmlns="http://soap.sforce.com/2006/04/metadata">
    <apiVersion>54.0</apiVersion>
    <formulas>
        <name>ShipmentNames</name>
        <dataType>String</dataType>
        <expression>LEFT({!$Record.Logistic__r.Order_S__r.Employee__r.First_Name__c}, 1) + {!$Record.Logistic__r.Order_S__r.Employee__r.Last_Name__c}+ &apos;-&apos; +{!$Record.Logistic__r.Order_S__r.Name} + &apos;-Ship&apos;</expression>
    </formulas>
    <formulas>
        <name>Shipments_Status_TimeStamp</name>
        <dataType>DateTime</dataType>
        <expression>Now()</expression>
    </formulas>
    <interviewLabel>Shipment {!$Flow.CurrentDateTime}</interviewLabel>
    <label>Shipment</label>
    <processMetadataValues>
        <name>BuilderType</name>
        <value>
            <stringValue>LightningFlowBuilder</stringValue>
        </value>
    </processMetadataValues>
    <processMetadataValues>
        <name>CanvasMode</name>
        <value>
            <stringValue>AUTO_LAYOUT_CANVAS</stringValue>
        </value>
    </processMetadataValues>
    <processMetadataValues>
        <name>OriginBuilderType</name>
        <value>
            <stringValue>LightningFlowBuilder</stringValue>
        </value>
    </processMetadataValues>
    <processType>AutoLaunchedFlow</processType>
    <recordUpdates>
        <name>set_timeStamp</name>
        <label>set timeStamp</label>
        <locationX>176</locationX>
        <locationY>311</locationY>
        <inputAssignments>
            <field>Status_TimeStamp__c</field>
            <value>
                <elementReference>$Flow.CurrentDateTime</elementReference>
            </value>
        </inputAssignments>
        <inputReference>$Record</inputReference>
    </recordUpdates>
    <start>
        <locationX>50</locationX>
        <locationY>0</locationY>
        <connector>
            <targetReference>set_timeStamp</targetReference>
        </connector>
        <filterLogic>and</filterLogic>
        <filters>
            <field>Active__c</field>
            <operator>EqualTo</operator>
            <value>
                <booleanValue>true</booleanValue>
            </value>
        </filters>
        <filters>
            <field>Shipment_Status__c</field>
            <operator>IsChanged</operator>
            <value>
                <booleanValue>true</booleanValue>
            </value>
        </filters>
        <object>Shipment__c</object>
        <recordTriggerType>CreateAndUpdate</recordTriggerType>
        <triggerType>RecordBeforeSave</triggerType>
    </start>
    <status>Obsolete</status>
</Flow>
