<?xml version="1.0" encoding="UTF-8"?>
<Flow xmlns="http://soap.sforce.com/2006/04/metadata">
    <apiVersion>54.0</apiVersion>
    <assignments>
        <name>addtoStockInwards2Update</name>
        <label>addtoStockInwards2Update</label>
        <locationX>931</locationX>
        <locationY>537</locationY>
        <assignmentItems>
            <assignToReference>stockInwards2Update</assignToReference>
            <operator>Add</operator>
            <value>
                <elementReference>StockInwardsLoop</elementReference>
            </value>
        </assignmentItems>
        <connector>
            <targetReference>StockInwardsLoop</targetReference>
        </connector>
    </assignments>
    <assignments>
        <name>addtoStockOutwards2Update_0</name>
        <label>addtoStockOutwards2Update</label>
        <locationX>570</locationX>
        <locationY>784</locationY>
        <assignmentItems>
            <assignToReference>stockOutwards2Update</assignToReference>
            <operator>Add</operator>
            <value>
                <elementReference>stockOutwardsLoop</elementReference>
            </value>
        </assignmentItems>
        <connector>
            <targetReference>stockOutwardsLoop</targetReference>
        </connector>
    </assignments>
    <assignments>
        <name>Update_currentstockInward_0</name>
        <label>Update currentstockInward</label>
        <locationX>1100</locationX>
        <locationY>484</locationY>
        <assignmentItems>
            <assignToReference>StockInwardsLoop.Active__c</assignToReference>
            <operator>Assign</operator>
            <value>
                <booleanValue>false</booleanValue>
            </value>
        </assignmentItems>
        <assignmentItems>
            <assignToReference>StockInwardsLoop.Status__c</assignToReference>
            <operator>Assign</operator>
            <value>
                <stringValue>Rejected</stringValue>
            </value>
        </assignmentItems>
        <connector>
            <targetReference>addtoStockInwards2Update</targetReference>
        </connector>
    </assignments>
    <assignments>
        <name>update_currentstockOutward</name>
        <label>update currentstockOutward</label>
        <locationX>763</locationX>
        <locationY>705</locationY>
        <assignmentItems>
            <assignToReference>stockOutwardsLoop.Status__c</assignToReference>
            <operator>Assign</operator>
            <value>
                <stringValue>Rejected</stringValue>
            </value>
        </assignmentItems>
        <assignmentItems>
            <assignToReference>stockOutwardsLoop.Active__c</assignToReference>
            <operator>Assign</operator>
            <value>
                <booleanValue>false</booleanValue>
            </value>
        </assignmentItems>
        <connector>
            <targetReference>addtoStockOutwards2Update_0</targetReference>
        </connector>
    </assignments>
    <interviewLabel>Stock Take Cancel flow {!$Flow.CurrentDateTime}</interviewLabel>
    <label>Stock Take Cancel flow v7</label>
    <loops>
        <name>StockInwardsLoop</name>
        <label>StockInwardsLoop</label>
        <locationX>930</locationX>
        <locationY>348</locationY>
        <collectionReference>StockInwards</collectionReference>
        <iterationOrder>Asc</iterationOrder>
        <nextValueConnector>
            <targetReference>Update_currentstockInward_0</targetReference>
        </nextValueConnector>
        <noMoreValuesConnector>
            <targetReference>stockOutwardsLoop</targetReference>
        </noMoreValuesConnector>
    </loops>
    <loops>
        <name>stockOutwardsLoop</name>
        <label>stockOutwardsLoop</label>
        <locationX>636</locationX>
        <locationY>607</locationY>
        <collectionReference>StockOutwards</collectionReference>
        <iterationOrder>Asc</iterationOrder>
        <nextValueConnector>
            <targetReference>update_currentstockOutward</targetReference>
        </nextValueConnector>
        <noMoreValuesConnector>
            <targetReference>Update_stockInwards2Update</targetReference>
        </noMoreValuesConnector>
    </loops>
    <processMetadataValues>
        <name>BuilderType</name>
        <value>
            <stringValue>LightningFlowBuilder</stringValue>
        </value>
    </processMetadataValues>
    <processMetadataValues>
        <name>CanvasMode</name>
        <value>
            <stringValue>FREE_FORM_CANVAS</stringValue>
        </value>
    </processMetadataValues>
    <processMetadataValues>
        <name>OriginBuilderType</name>
        <value>
            <stringValue>LightningFlowBuilder</stringValue>
        </value>
    </processMetadataValues>
    <processType>AutoLaunchedFlow</processType>
    <recordLookups>
        <name>StockInwards</name>
        <label>StockInwards</label>
        <locationX>119</locationX>
        <locationY>279</locationY>
        <assignNullValuesIfNoRecordsFound>false</assignNullValuesIfNoRecordsFound>
        <connector>
            <targetReference>StockOutwards</targetReference>
        </connector>
        <filterLogic>and</filterLogic>
        <filters>
            <field>Stock_Take_Line_Item__c</field>
            <operator>IsNull</operator>
            <value>
                <booleanValue>false</booleanValue>
            </value>
        </filters>
        <filters>
            <field>Stock_Take_Id__c</field>
            <operator>EqualTo</operator>
            <value>
                <elementReference>$Record.Id</elementReference>
            </value>
        </filters>
        <filters>
            <field>Stock_Take_Id__c</field>
            <operator>NotEqualTo</operator>
            <value>
                <stringValue></stringValue>
            </value>
        </filters>
        <getFirstRecordOnly>false</getFirstRecordOnly>
        <object>Stock_Inward_Line_Item__c</object>
        <storeOutputAutomatically>true</storeOutputAutomatically>
    </recordLookups>
    <recordLookups>
        <name>StockOutwards</name>
        <label>StockOutwards</label>
        <locationX>310</locationX>
        <locationY>432</locationY>
        <assignNullValuesIfNoRecordsFound>false</assignNullValuesIfNoRecordsFound>
        <connector>
            <targetReference>StockInwardsLoop</targetReference>
        </connector>
        <filterLogic>and</filterLogic>
        <filters>
            <field>Stock_Take_Line_Item__c</field>
            <operator>IsNull</operator>
            <value>
                <booleanValue>false</booleanValue>
            </value>
        </filters>
        <filters>
            <field>Stock_Take_Id__c</field>
            <operator>EqualTo</operator>
            <value>
                <elementReference>$Record.Id</elementReference>
            </value>
        </filters>
        <filters>
            <field>Stock_Take_Id__c</field>
            <operator>NotEqualTo</operator>
            <value>
                <stringValue></stringValue>
            </value>
        </filters>
        <getFirstRecordOnly>false</getFirstRecordOnly>
        <object>Stock_Outward_Line_Item__c</object>
        <storeOutputAutomatically>true</storeOutputAutomatically>
    </recordLookups>
    <recordUpdates>
        <name>Update_stockInwards2Update</name>
        <label>Update stockInwards2Update</label>
        <locationX>75</locationX>
        <locationY>681</locationY>
        <connector>
            <targetReference>Update_stockOutwards2Update</targetReference>
        </connector>
        <inputReference>stockInwards2Update</inputReference>
    </recordUpdates>
    <recordUpdates>
        <name>Update_stockOutwards2Update</name>
        <label>Update stockOutwards2Update</label>
        <locationX>79</locationX>
        <locationY>861</locationY>
        <inputReference>stockOutwards2Update</inputReference>
    </recordUpdates>
    <start>
        <locationX>440</locationX>
        <locationY>50</locationY>
        <connector>
            <targetReference>StockInwards</targetReference>
        </connector>
        <filterLogic>and</filterLogic>
        <filters>
            <field>Status__c</field>
            <operator>EqualTo</operator>
            <value>
                <stringValue>Cancelled</stringValue>
            </value>
        </filters>
        <filters>
            <field>Line_Item_Count__c</field>
            <operator>GreaterThan</operator>
            <value>
                <numberValue>0.0</numberValue>
            </value>
        </filters>
        <object>Stock_Take__c</object>
        <recordTriggerType>CreateAndUpdate</recordTriggerType>
        <triggerType>RecordAfterSave</triggerType>
    </start>
    <status>Obsolete</status>
    <variables>
        <name>stockInwards2Update</name>
        <dataType>SObject</dataType>
        <isCollection>true</isCollection>
        <isInput>true</isInput>
        <isOutput>true</isOutput>
        <objectType>Stock_Inward_Line_Item__c</objectType>
    </variables>
    <variables>
        <name>stockOutwards2Update</name>
        <dataType>SObject</dataType>
        <isCollection>true</isCollection>
        <isInput>true</isInput>
        <isOutput>true</isOutput>
        <objectType>Stock_Outward_Line_Item__c</objectType>
    </variables>
</Flow>
