<?xml version="1.0" encoding="UTF-8"?>
<Flow xmlns="http://soap.sforce.com/2006/04/metadata">
    <apiVersion>56.0</apiVersion>
    <assignments>
        <name>Add_MRPs_2_list_for_update</name>
        <label>Add MRPs 2 list for update</label>
        <locationX>156</locationX>
        <locationY>815</locationY>
        <assignmentItems>
            <assignToReference>MRPList2update</assignToReference>
            <operator>Add</operator>
            <value>
                <elementReference>MRP2Update</elementReference>
            </value>
        </assignmentItems>
        <connector>
            <targetReference>Loop_Thourgh_MRP_to_update_Qty</targetReference>
        </connector>
    </assignments>
    <assignments>
        <name>MRP2UpdateAssignment</name>
        <label>MRP2UpdateAssignment</label>
        <locationX>156</locationX>
        <locationY>695</locationY>
        <assignmentItems>
            <assignToReference>MRP2Update.Total_Amount_Required__c</assignToReference>
            <operator>Assign</operator>
            <value>
                <elementReference>TotalQtyRequired</elementReference>
            </value>
        </assignmentItems>
        <assignmentItems>
            <assignToReference>MRP2Update.Id</assignToReference>
            <operator>Assign</operator>
            <value>
                <elementReference>Loop_Thourgh_MRP_to_update_Qty.Id</elementReference>
            </value>
        </assignmentItems>
        <connector>
            <targetReference>Add_MRPs_2_list_for_update</targetReference>
        </connector>
    </assignments>
    <decisions>
        <name>Check_if_MRPs_are_created</name>
        <label>Check if MRPs are created</label>
        <locationX>176</locationX>
        <locationY>455</locationY>
        <defaultConnector>
            <targetReference>Update_MRP_lists</targetReference>
        </defaultConnector>
        <defaultConnectorLabel>Default Outcome</defaultConnectorLabel>
        <rules>
            <name>MRPs_are_created</name>
            <conditionLogic>and</conditionLogic>
            <conditions>
                <leftValueReference>Get_All_MRPs_associated_with_the_order_product</leftValueReference>
                <operator>IsNull</operator>
                <rightValue>
                    <booleanValue>false</booleanValue>
                </rightValue>
            </conditions>
            <connector>
                <targetReference>Loop_Thourgh_MRP_to_update_Qty</targetReference>
            </connector>
            <label>MRPs are created</label>
        </rules>
    </decisions>
    <formulas>
        <name>TotalQtyRequired</name>
        <dataType>Number</dataType>
        <expression>{!Loop_Thourgh_MRP_to_update_Qty.BOM__r.Quantity__c} * {!$Record.Quantity}</expression>
        <scale>2</scale>
    </formulas>
    <interviewLabel>Sync Order product qty on change with MRPs {!$Flow.CurrentDateTime}</interviewLabel>
    <label>Sync Order product qty on change with MRPs</label>
    <loops>
        <name>Loop_Thourgh_MRP_to_update_Qty</name>
        <label>Loop Thourgh MRP to update Qty</label>
        <locationX>68</locationX>
        <locationY>575</locationY>
        <collectionReference>Get_All_MRPs_associated_with_the_order_product</collectionReference>
        <iterationOrder>Asc</iterationOrder>
        <nextValueConnector>
            <targetReference>MRP2UpdateAssignment</targetReference>
        </nextValueConnector>
        <noMoreValuesConnector>
            <targetReference>Update_MRP_lists</targetReference>
        </noMoreValuesConnector>
    </loops>
    <processMetadataValues>
        <name>BuilderType</name>
        <value>
            <stringValue>LightningFlowBuilder</stringValue>
        </value>
    </processMetadataValues>
    <processMetadataValues>
        <name>CanvasMode</name>
        <value>
            <stringValue>AUTO_LAYOUT_CANVAS</stringValue>
        </value>
    </processMetadataValues>
    <processMetadataValues>
        <name>OriginBuilderType</name>
        <value>
            <stringValue>LightningFlowBuilder</stringValue>
        </value>
    </processMetadataValues>
    <processType>AutoLaunchedFlow</processType>
    <recordLookups>
        <name>Get_All_MRPs_associated_with_the_order_product</name>
        <label>Get All MRPs associated with the order product</label>
        <locationX>176</locationX>
        <locationY>335</locationY>
        <assignNullValuesIfNoRecordsFound>false</assignNullValuesIfNoRecordsFound>
        <connector>
            <targetReference>Check_if_MRPs_are_created</targetReference>
        </connector>
        <filterLogic>and</filterLogic>
        <filters>
            <field>Order_Product__c</field>
            <operator>EqualTo</operator>
            <value>
                <elementReference>$Record.Id</elementReference>
            </value>
        </filters>
        <getFirstRecordOnly>false</getFirstRecordOnly>
        <object>MRP__c</object>
        <storeOutputAutomatically>true</storeOutputAutomatically>
    </recordLookups>
    <recordUpdates>
        <name>Update_MRP_lists</name>
        <label>Update MRP lists</label>
        <locationX>176</locationX>
        <locationY>1127</locationY>
        <inputReference>MRPList2update</inputReference>
    </recordUpdates>
    <start>
        <locationX>50</locationX>
        <locationY>0</locationY>
        <connector>
            <targetReference>Get_All_MRPs_associated_with_the_order_product</targetReference>
        </connector>
        <filterLogic>and</filterLogic>
        <filters>
            <field>Is_Kit__c</field>
            <operator>EqualTo</operator>
            <value>
                <booleanValue>true</booleanValue>
            </value>
        </filters>
        <filters>
            <field>Quantity</field>
            <operator>IsChanged</operator>
            <value>
                <booleanValue>true</booleanValue>
            </value>
        </filters>
        <filters>
            <field>Explode__c</field>
            <operator>EqualTo</operator>
            <value>
                <booleanValue>true</booleanValue>
            </value>
        </filters>
        <filters>
            <field>Ready_To_Pick_Pack__c</field>
            <operator>EqualTo</operator>
            <value>
                <booleanValue>false</booleanValue>
            </value>
        </filters>
        <object>OrderItem</object>
        <recordTriggerType>CreateAndUpdate</recordTriggerType>
        <triggerType>RecordAfterSave</triggerType>
    </start>
    <status>Obsolete</status>
    <variables>
        <name>MRP2Update</name>
        <dataType>SObject</dataType>
        <isCollection>false</isCollection>
        <isInput>false</isInput>
        <isOutput>false</isOutput>
        <objectType>MRP__c</objectType>
    </variables>
    <variables>
        <name>MRPList2update</name>
        <dataType>SObject</dataType>
        <isCollection>true</isCollection>
        <isInput>false</isInput>
        <isOutput>false</isOutput>
        <objectType>MRP__c</objectType>
    </variables>
</Flow>
