<?xml version="1.0" encoding="UTF-8"?>
<Flow xmlns="http://soap.sforce.com/2006/04/metadata">
    <apiVersion>55.0</apiVersion>
    <decisions>
        <name>Check_if_the_order_is_draft_and_issue_invoice_is_enabled</name>
        <label>Check if the order is draft and issue invoice is enabled</label>
        <locationX>518</locationX>
        <locationY>74</locationY>
        <defaultConnectorLabel>Default Outcome</defaultConnectorLabel>
        <rules>
            <name>order_is_draft_and_issue_invoice_is_enabled</name>
            <conditionLogic>and</conditionLogic>
            <conditions>
                <leftValueReference>$Record.Order.Status</leftValueReference>
                <operator>EqualTo</operator>
                <rightValue>
                    <stringValue>Draft</stringValue>
                </rightValue>
            </conditions>
            <conditions>
                <leftValueReference>$Record.Order.Issue_Invoice__c</leftValueReference>
                <operator>EqualTo</operator>
                <rightValue>
                    <booleanValue>true</booleanValue>
                </rightValue>
            </conditions>
            <connector>
                <targetReference>Get_invoice_line_item_associated_with_the_order_item</targetReference>
            </connector>
            <label>order is draft and issue invoice is enabled</label>
        </rules>
    </decisions>
    <description>Sync the order items change to the Invoice items  only if it is created through the trigger</description>
    <interviewLabel>Sync the order items change to the Invoice items {!$Flow.CurrentDateTime}</interviewLabel>
    <label>Sync the order items change to the Invoice items</label>
    <processMetadataValues>
        <name>BuilderType</name>
        <value>
            <stringValue>LightningFlowBuilder</stringValue>
        </value>
    </processMetadataValues>
    <processMetadataValues>
        <name>CanvasMode</name>
        <value>
            <stringValue>FREE_FORM_CANVAS</stringValue>
        </value>
    </processMetadataValues>
    <processMetadataValues>
        <name>OriginBuilderType</name>
        <value>
            <stringValue>LightningFlowBuilder</stringValue>
        </value>
    </processMetadataValues>
    <processType>AutoLaunchedFlow</processType>
    <recordUpdates>
        <name>Get_invoice_line_item_associated_with_the_order_item</name>
        <label>Get invoice line item associated with the order item</label>
        <locationX>667</locationX>
        <locationY>195</locationY>
        <connector>
            <targetReference>Updating_the_related_Details_on_Invoice</targetReference>
        </connector>
        <filterLogic>and</filterLogic>
        <filters>
            <field>Order_Product__c</field>
            <operator>EqualTo</operator>
            <value>
                <elementReference>$Record.Id</elementReference>
            </value>
        </filters>
        <filters>
            <field>Invoice__c</field>
            <operator>EqualTo</operator>
            <value>
                <elementReference>$Record.Invoice__c</elementReference>
            </value>
        </filters>
        <inputAssignments>
            <field>Base_Price__c</field>
            <value>
                <elementReference>$Record.Net_Price__c</elementReference>
            </value>
        </inputAssignments>
        <inputAssignments>
            <field>Description__c</field>
            <value>
                <elementReference>$Record.Description</elementReference>
            </value>
        </inputAssignments>
        <inputAssignments>
            <field>Discount_Amount__c</field>
            <value>
                <elementReference>$Record.Discount_Amount__c</elementReference>
            </value>
        </inputAssignments>
        <inputAssignments>
            <field>Other_Tax__c</field>
            <value>
                <elementReference>$Record.Other_Tax__c</elementReference>
            </value>
        </inputAssignments>
        <inputAssignments>
            <field>Quantity__c</field>
            <value>
                <elementReference>$Record.Quantity</elementReference>
            </value>
        </inputAssignments>
        <inputAssignments>
            <field>Shipping_Amount__c</field>
            <value>
                <elementReference>$Record.Shipping_Amount_Quantity__c</elementReference>
            </value>
        </inputAssignments>
        <inputAssignments>
            <field>Sub_Total__c</field>
            <value>
                <elementReference>$Record.Sub_Total__c</elementReference>
            </value>
        </inputAssignments>
        <inputAssignments>
            <field>Tax_Rate__c</field>
            <value>
                <elementReference>$Record.Tax__c</elementReference>
            </value>
        </inputAssignments>
        <inputAssignments>
            <field>Total_Price__c</field>
            <value>
                <elementReference>$Record.All_Total_Price__c</elementReference>
            </value>
        </inputAssignments>
        <inputAssignments>
            <field>Unit_Price__c</field>
            <value>
                <elementReference>$Record.UnitPrice</elementReference>
            </value>
        </inputAssignments>
        <inputAssignments>
            <field>VAT_Amount__c</field>
            <value>
                <elementReference>$Record.VAT_Amount__c</elementReference>
            </value>
        </inputAssignments>
        <object>Invoice_Line_Item__c</object>
    </recordUpdates>
    <recordUpdates>
        <name>Updating_the_related_Details_on_Invoice</name>
        <label>Updating the related Details on Invoice</label>
        <locationX>854</locationX>
        <locationY>195</locationY>
        <filterLogic>and</filterLogic>
        <filters>
            <field>Id</field>
            <operator>EqualTo</operator>
            <value>
                <elementReference>$Record.Invoice__c</elementReference>
            </value>
        </filters>
        <inputAssignments>
            <field>Invoice_Amount__c</field>
            <value>
                <elementReference>$Record.Order.Order_Amount__c</elementReference>
            </value>
        </inputAssignments>
        <inputAssignments>
            <field>Invoice_Shipping_Amount__c</field>
            <value>
                <elementReference>$Record.Order.Total_Shipping_Amount__c</elementReference>
            </value>
        </inputAssignments>
        <object>Invoice__c</object>
    </recordUpdates>
    <start>
        <locationX>50</locationX>
        <locationY>71</locationY>
        <connector>
            <targetReference>Check_if_the_order_is_draft_and_issue_invoice_is_enabled</targetReference>
        </connector>
        <filterLogic>(1 OR 2 OR 3 OR 4 OR 6 OR 7 OR 8 OR 9 ) AND 5</filterLogic>
        <filters>
            <field>Quantity</field>
            <operator>IsChanged</operator>
            <value>
                <booleanValue>true</booleanValue>
            </value>
        </filters>
        <filters>
            <field>UnitPrice</field>
            <operator>IsChanged</operator>
            <value>
                <booleanValue>true</booleanValue>
            </value>
        </filters>
        <filters>
            <field>TotalPrice</field>
            <operator>IsChanged</operator>
            <value>
                <booleanValue>true</booleanValue>
            </value>
        </filters>
        <filters>
            <field>Description</field>
            <operator>IsChanged</operator>
            <value>
                <booleanValue>true</booleanValue>
            </value>
        </filters>
        <filters>
            <field>Active__c</field>
            <operator>EqualTo</operator>
            <value>
                <booleanValue>true</booleanValue>
            </value>
        </filters>
        <filters>
            <field>Discount_Amount__c</field>
            <operator>IsChanged</operator>
            <value>
                <booleanValue>true</booleanValue>
            </value>
        </filters>
        <filters>
            <field>Tax__c</field>
            <operator>IsChanged</operator>
            <value>
                <booleanValue>true</booleanValue>
            </value>
        </filters>
        <filters>
            <field>VAT_Amount__c</field>
            <operator>IsChanged</operator>
            <value>
                <booleanValue>true</booleanValue>
            </value>
        </filters>
        <filters>
            <field>Other_Tax__c</field>
            <operator>IsChanged</operator>
            <value>
                <booleanValue>true</booleanValue>
            </value>
        </filters>
        <object>OrderItem</object>
        <recordTriggerType>CreateAndUpdate</recordTriggerType>
        <triggerType>RecordAfterSave</triggerType>
    </start>
    <status>Obsolete</status>
</Flow>
