<?xml version="1.0" encoding="UTF-8"?>
<Flow xmlns="http://soap.sforce.com/2006/04/metadata">
    <apiVersion>54.0</apiVersion>
    <decisions>
        <name>Update_TimeSheet_WeekDate</name>
        <label>Update TimeSheet WeekDate</label>
        <locationX>182</locationX>
        <locationY>335</locationY>
        <defaultConnectorLabel>Default Outcome</defaultConnectorLabel>
        <rules>
            <name>Update_TS_WeekDate</name>
            <conditionLogic>and</conditionLogic>
            <conditions>
                <leftValueReference>$Record.Week_Day_1__c</leftValueReference>
                <operator>IsNull</operator>
                <rightValue>
                    <booleanValue>false</booleanValue>
                </rightValue>
            </conditions>
            <conditions>
                <leftValueReference>$Record.Timesheet__r.Week_Date__c</leftValueReference>
                <operator>IsNull</operator>
                <rightValue>
                    <booleanValue>false</booleanValue>
                </rightValue>
            </conditions>
            <connector>
                <targetReference>update_time_sheet</targetReference>
            </connector>
            <label>Update TS WeekDate</label>
        </rules>
    </decisions>
    <formulas>
        <name>Code_To_Time_Card_EntryName</name>
        <dataType>String</dataType>
        <expression>&apos;TCE-&apos;+ {!$Record.Code__c}</expression>
    </formulas>
    <interviewLabel>Time Card Entry Flow {!$Flow.CurrentDateTime}</interviewLabel>
    <label>Time Card Entry Flow</label>
    <processMetadataValues>
        <name>BuilderType</name>
        <value>
            <stringValue>LightningFlowBuilder</stringValue>
        </value>
    </processMetadataValues>
    <processMetadataValues>
        <name>CanvasMode</name>
        <value>
            <stringValue>AUTO_LAYOUT_CANVAS</stringValue>
        </value>
    </processMetadataValues>
    <processMetadataValues>
        <name>OriginBuilderType</name>
        <value>
            <stringValue>LightningFlowBuilder</stringValue>
        </value>
    </processMetadataValues>
    <processType>AutoLaunchedFlow</processType>
    <recordUpdates>
        <name>update_time_sheet</name>
        <label>update time sheet</label>
        <locationX>50</locationX>
        <locationY>455</locationY>
        <filterLogic>and</filterLogic>
        <filters>
            <field>Id</field>
            <operator>EqualTo</operator>
            <value>
                <elementReference>$Record.Timesheet__c</elementReference>
            </value>
        </filters>
        <inputAssignments>
            <field>Week_Date__c</field>
            <value>
                <elementReference>$Record.Week_Day_1__c</elementReference>
            </value>
        </inputAssignments>
        <object>Timesheet__c</object>
    </recordUpdates>
    <start>
        <locationX>56</locationX>
        <locationY>0</locationY>
        <connector>
            <targetReference>Update_TimeSheet_WeekDate</targetReference>
        </connector>
        <filterLogic>and</filterLogic>
        <filters>
            <field>Active__c</field>
            <operator>EqualTo</operator>
            <value>
                <booleanValue>true</booleanValue>
            </value>
        </filters>
        <filters>
            <field>Timesheet__c</field>
            <operator>IsNull</operator>
            <value>
                <booleanValue>false</booleanValue>
            </value>
        </filters>
        <object>Time_Card_Entry__c</object>
        <recordTriggerType>CreateAndUpdate</recordTriggerType>
        <triggerType>RecordAfterSave</triggerType>
    </start>
    <status>Obsolete</status>
</Flow>
