<?xml version="1.0" encoding="UTF-8"?>
<Flow xmlns="http://soap.sforce.com/2006/04/metadata">
    <apiVersion>53.0</apiVersion>
    <formulas>
        <name>AmountF</name>
        <dataType>Currency</dataType>
        <expression>{!$Record.Amount__c}</expression>
        <scale>2</scale>
    </formulas>
    <interviewLabel>Update Voucher to paid {!$Flow.CurrentDateTime}</interviewLabel>
    <label>Update Voucher to paid</label>
    <processMetadataValues>
        <name>BuilderType</name>
        <value>
            <stringValue>LightningFlowBuilder</stringValue>
        </value>
    </processMetadataValues>
    <processMetadataValues>
        <name>CanvasMode</name>
        <value>
            <stringValue>FREE_FORM_CANVAS</stringValue>
        </value>
    </processMetadataValues>
    <processMetadataValues>
        <name>OriginBuilderType</name>
        <value>
            <stringValue>LightningFlowBuilder</stringValue>
        </value>
    </processMetadataValues>
    <processType>AutoLaunchedFlow</processType>
    <recordUpdates>
        <name>Update_Paid_and_Status</name>
        <label>Update Paid and Status</label>
        <locationX>180</locationX>
        <locationY>341</locationY>
        <filterLogic>and</filterLogic>
        <filters>
            <field>Amount_Paid__c</field>
            <operator>GreaterThanOrEqualTo</operator>
            <value>
                <elementReference>$Record.Amount__c</elementReference>
            </value>
        </filters>
        <inputAssignments>
            <field>Paid__c</field>
            <value>
                <booleanValue>true</booleanValue>
            </value>
        </inputAssignments>
        <inputAssignments>
            <field>Status__c</field>
            <value>
                <stringValue>Paid</stringValue>
            </value>
        </inputAssignments>
        <inputReference>$Record</inputReference>
    </recordUpdates>
    <start>
        <locationX>50</locationX>
        <locationY>50</locationY>
        <connector>
            <targetReference>Update_Paid_and_Status</targetReference>
        </connector>
        <filterLogic>and</filterLogic>
        <filters>
            <field>Paid__c</field>
            <operator>EqualTo</operator>
            <value>
                <booleanValue>false</booleanValue>
            </value>
        </filters>
        <object>Voucher__c</object>
        <recordTriggerType>CreateAndUpdate</recordTriggerType>
        <triggerType>RecordBeforeSave</triggerType>
    </start>
    <status>Obsolete</status>
    <variables>
        <name>Amount</name>
        <dataType>Number</dataType>
        <isCollection>false</isCollection>
        <isInput>false</isInput>
        <isOutput>false</isOutput>
        <scale>2</scale>
        <value>
            <elementReference>$Record.Amount__c</elementReference>
        </value>
    </variables>
</Flow>
