<?xml version="1.0" encoding="UTF-8"?>
<Flow xmlns="http://soap.sforce.com/2006/04/metadata">
    <apiVersion>53.0</apiVersion>
    <assignments>
        <name>Update_Credit_Account</name>
        <label>Update Credit Account</label>
        <locationX>152</locationX>
        <locationY>394</locationY>
        <assignmentItems>
            <assignToReference>$Record.Credit_Account__c</assignToReference>
            <operator>Assign</operator>
            <value>
                <elementReference>CreditAccount</elementReference>
            </value>
        </assignmentItems>
        <assignmentItems>
            <assignToReference>$Record.Debit_Account__c</assignToReference>
            <operator>Assign</operator>
            <value>
                <elementReference>DebitAccount</elementReference>
            </value>
        </assignmentItems>
    </assignments>
    <interviewLabel>Update Debit note Credit Account {!$Flow.CurrentDateTime}</interviewLabel>
    <label>Update Debit note Credit Account</label>
    <processMetadataValues>
        <name>BuilderType</name>
        <value>
            <stringValue>LightningFlowBuilder</stringValue>
        </value>
    </processMetadataValues>
    <processMetadataValues>
        <name>CanvasMode</name>
        <value>
            <stringValue>FREE_FORM_CANVAS</stringValue>
        </value>
    </processMetadataValues>
    <processMetadataValues>
        <name>OriginBuilderType</name>
        <value>
            <stringValue>LightningFlowBuilder</stringValue>
        </value>
    </processMetadataValues>
    <processType>AutoLaunchedFlow</processType>
    <start>
        <locationX>50</locationX>
        <locationY>50</locationY>
        <connector>
            <targetReference>Update_Credit_Account</targetReference>
        </connector>
        <object>Debit_Note__c</object>
        <recordTriggerType>Create</recordTriggerType>
        <triggerType>RecordBeforeSave</triggerType>
    </start>
    <status>Obsolete</status>
    <variables>
        <name>CreditAccount</name>
        <dataType>String</dataType>
        <isCollection>false</isCollection>
        <isInput>false</isInput>
        <isOutput>false</isOutput>
        <value>
            <stringValue>a111o000005iwVzAAI</stringValue>
        </value>
    </variables>
    <variables>
        <name>DebitAccount</name>
        <dataType>String</dataType>
        <isCollection>false</isCollection>
        <isInput>false</isInput>
        <isOutput>false</isOutput>
        <value>
            <stringValue>a1106000002DuuUAAS</stringValue>
        </value>
    </variables>
</Flow>
