<?xml version="1.0" encoding="UTF-8"?>
<Flow xmlns="http://soap.sforce.com/2006/04/metadata">
    <apiVersion>56.0</apiVersion>
    <assignments>
        <name>Order_Products</name>
        <label>Order Products</label>
        <locationX>138</locationX>
        <locationY>815</locationY>
        <assignmentItems>
            <assignToReference>OrderProduct</assignToReference>
            <operator>Add</operator>
            <value>
                <elementReference>Update_Order_Product_List</elementReference>
            </value>
        </assignmentItems>
        <connector>
            <targetReference>Update_Order_Product_List</targetReference>
        </connector>
    </assignments>
    <assignments>
        <name>Update_Values</name>
        <label>Update Values</label>
        <locationX>138</locationX>
        <locationY>695</locationY>
        <assignmentItems>
            <assignToReference>Update_Order_Product_List.Tax__c</assignToReference>
            <operator>Assign</operator>
            <value>
                <stringValue></stringValue>
            </value>
        </assignmentItems>
        <assignmentItems>
            <assignToReference>Update_Order_Product_List.Other_Tax__c</assignToReference>
            <operator>Assign</operator>
            <value>
                <numberValue>0.0</numberValue>
            </value>
        </assignmentItems>
        <assignmentItems>
            <assignToReference>Update_Order_Product_List.VAT_Amount__c</assignToReference>
            <operator>Assign</operator>
            <value>
                <numberValue>0.0</numberValue>
            </value>
        </assignmentItems>
        <assignmentItems>
            <assignToReference>Update_Order_Product_List.Total_Price__c</assignToReference>
            <operator>Assign</operator>
            <value>
                <elementReference>TotalPrice</elementReference>
            </value>
        </assignmentItems>
        <connector>
            <targetReference>Order_Products</targetReference>
        </connector>
    </assignments>
    <decisions>
        <name>Get_Order_Product</name>
        <label>Get Order Product</label>
        <locationX>182</locationX>
        <locationY>335</locationY>
        <defaultConnectorLabel>Default Outcome</defaultConnectorLabel>
        <rules>
            <name>Oder_Product</name>
            <conditionLogic>and</conditionLogic>
            <conditions>
                <leftValueReference>$Record.Tax_Exempted__c</leftValueReference>
                <operator>EqualTo</operator>
                <rightValue>
                    <booleanValue>true</booleanValue>
                </rightValue>
            </conditions>
            <connector>
                <targetReference>Order_Product_List</targetReference>
            </connector>
            <label>Oder Product</label>
        </rules>
    </decisions>
    <formulas>
        <name>TotalPrice</name>
        <dataType>Currency</dataType>
        <expression>{!Update_Order_Product_List.UnitPrice}*{!Update_Order_Product_List.Quantity}</expression>
        <scale>2</scale>
    </formulas>
    <interviewLabel>Update Order Product on Order change {!$Flow.CurrentDateTime}</interviewLabel>
    <label>Update Order Product on Order change</label>
    <loops>
        <name>Update_Order_Product_List</name>
        <label>Update Order Product List</label>
        <locationX>50</locationX>
        <locationY>575</locationY>
        <collectionReference>Order_Product_List</collectionReference>
        <iterationOrder>Asc</iterationOrder>
        <nextValueConnector>
            <targetReference>Update_Values</targetReference>
        </nextValueConnector>
        <noMoreValuesConnector>
            <targetReference>Update_Order_Product</targetReference>
        </noMoreValuesConnector>
    </loops>
    <processMetadataValues>
        <name>BuilderType</name>
        <value>
            <stringValue>LightningFlowBuilder</stringValue>
        </value>
    </processMetadataValues>
    <processMetadataValues>
        <name>CanvasMode</name>
        <value>
            <stringValue>AUTO_LAYOUT_CANVAS</stringValue>
        </value>
    </processMetadataValues>
    <processMetadataValues>
        <name>OriginBuilderType</name>
        <value>
            <stringValue>LightningFlowBuilder</stringValue>
        </value>
    </processMetadataValues>
    <processType>AutoLaunchedFlow</processType>
    <recordLookups>
        <name>Order_Product_List</name>
        <label>Order Product List</label>
        <locationX>50</locationX>
        <locationY>455</locationY>
        <assignNullValuesIfNoRecordsFound>false</assignNullValuesIfNoRecordsFound>
        <connector>
            <targetReference>Update_Order_Product_List</targetReference>
        </connector>
        <filterLogic>and</filterLogic>
        <filters>
            <field>OrderId</field>
            <operator>EqualTo</operator>
            <value>
                <elementReference>$Record.Id</elementReference>
            </value>
        </filters>
        <getFirstRecordOnly>false</getFirstRecordOnly>
        <object>OrderItem</object>
        <storeOutputAutomatically>true</storeOutputAutomatically>
    </recordLookups>
    <recordUpdates>
        <name>Update_Order_Product</name>
        <label>Update Order Product</label>
        <locationX>50</locationX>
        <locationY>1031</locationY>
        <inputReference>OrderProduct</inputReference>
    </recordUpdates>
    <start>
        <locationX>56</locationX>
        <locationY>0</locationY>
        <connector>
            <targetReference>Get_Order_Product</targetReference>
        </connector>
        <filterLogic>and</filterLogic>
        <filters>
            <field>Tax_Exempted__c</field>
            <operator>EqualTo</operator>
            <value>
                <booleanValue>true</booleanValue>
            </value>
        </filters>
        <filters>
            <field>Tax_Exempted__c</field>
            <operator>IsChanged</operator>
            <value>
                <booleanValue>true</booleanValue>
            </value>
        </filters>
        <object>Order</object>
        <recordTriggerType>Update</recordTriggerType>
        <triggerType>RecordAfterSave</triggerType>
    </start>
    <status>Obsolete</status>
    <variables>
        <name>OrderProduct</name>
        <dataType>SObject</dataType>
        <isCollection>true</isCollection>
        <isInput>false</isInput>
        <isOutput>false</isOutput>
        <objectType>OrderItem</objectType>
    </variables>
</Flow>
