<?xml version="1.0" encoding="UTF-8"?>
<Flow xmlns="http://soap.sforce.com/2006/04/metadata">
    <apiVersion>54.0</apiVersion>
    <assignments>
        <name>Already_Billed_Quantity</name>
        <label>Already Billed Quantity</label>
        <locationX>50</locationX>
        <locationY>575</locationY>
        <assignmentItems>
            <assignToReference>BilledQuantityCount</assignToReference>
            <operator>Assign</operator>
            <value>
                <elementReference>Fetch_Purchase_Line_Items.Billed_Quantity__c</elementReference>
            </value>
        </assignmentItems>
        <connector>
            <targetReference>Update_Billed_Quantity</targetReference>
        </connector>
    </assignments>
    <decisions>
        <name>Check_for_Billed_Quantity</name>
        <label>Check for Billed Quantity</label>
        <locationX>182</locationX>
        <locationY>455</locationY>
        <defaultConnector>
            <targetReference>Update_BilledQuanity</targetReference>
        </defaultConnector>
        <defaultConnectorLabel>Default Outcome</defaultConnectorLabel>
        <rules>
            <name>Billed_Quantity_Not_Null</name>
            <conditionLogic>and</conditionLogic>
            <conditions>
                <leftValueReference>Fetch_Purchase_Line_Items.Billed_Quantity__c</leftValueReference>
                <operator>IsNull</operator>
                <rightValue>
                    <booleanValue>false</booleanValue>
                </rightValue>
            </conditions>
            <connector>
                <targetReference>Already_Billed_Quantity</targetReference>
            </connector>
            <label>Billed Quantity Not Null</label>
        </rules>
    </decisions>
    <formulas>
        <name>BillingQuantity</name>
        <dataType>Number</dataType>
        <expression>{!BilledQuantityCount}+{!$Record.Quantity__c}</expression>
        <scale>2</scale>
    </formulas>
    <interviewLabel>Update Billed Quantity on Poli {!$Flow.CurrentDateTime}</interviewLabel>
    <label>Update Billed Quantity on Poli</label>
    <processMetadataValues>
        <name>BuilderType</name>
        <value>
            <stringValue>LightningFlowBuilder</stringValue>
        </value>
    </processMetadataValues>
    <processMetadataValues>
        <name>CanvasMode</name>
        <value>
            <stringValue>AUTO_LAYOUT_CANVAS</stringValue>
        </value>
    </processMetadataValues>
    <processMetadataValues>
        <name>OriginBuilderType</name>
        <value>
            <stringValue>LightningFlowBuilder</stringValue>
        </value>
    </processMetadataValues>
    <processType>AutoLaunchedFlow</processType>
    <recordLookups>
        <name>Fetch_Purchase_Line_Items</name>
        <label>Fetch Purchase Line Items</label>
        <locationX>182</locationX>
        <locationY>335</locationY>
        <assignNullValuesIfNoRecordsFound>false</assignNullValuesIfNoRecordsFound>
        <connector>
            <targetReference>Check_for_Billed_Quantity</targetReference>
        </connector>
        <filterLogic>and</filterLogic>
        <filters>
            <field>Id</field>
            <operator>EqualTo</operator>
            <value>
                <elementReference>$Record.Purchase_Order_Line_Items__r.Id</elementReference>
            </value>
        </filters>
        <getFirstRecordOnly>true</getFirstRecordOnly>
        <object>Purchase_Line_Items__c</object>
        <storeOutputAutomatically>true</storeOutputAutomatically>
    </recordLookups>
    <recordUpdates>
        <name>Update_Billed_Quantity</name>
        <label>Update Billed Quantity</label>
        <locationX>50</locationX>
        <locationY>695</locationY>
        <filterLogic>and</filterLogic>
        <filters>
            <field>Id</field>
            <operator>EqualTo</operator>
            <value>
                <elementReference>$Record.Purchase_Order_Line_Items__c</elementReference>
            </value>
        </filters>
        <inputAssignments>
            <field>Billed_Quantity__c</field>
            <value>
                <elementReference>BillingQuantity</elementReference>
            </value>
        </inputAssignments>
        <object>Purchase_Line_Items__c</object>
    </recordUpdates>
    <recordUpdates>
        <name>Update_BilledQuanity</name>
        <label>Update BilledQuanity</label>
        <locationX>314</locationX>
        <locationY>575</locationY>
        <filterLogic>and</filterLogic>
        <filters>
            <field>Id</field>
            <operator>EqualTo</operator>
            <value>
                <elementReference>$Record.Purchase_Order_Line_Items__c</elementReference>
            </value>
        </filters>
        <inputAssignments>
            <field>Billed_Quantity__c</field>
            <value>
                <elementReference>$Record.Quantity__c</elementReference>
            </value>
        </inputAssignments>
        <object>Purchase_Line_Items__c</object>
    </recordUpdates>
    <start>
        <locationX>56</locationX>
        <locationY>0</locationY>
        <connector>
            <targetReference>Fetch_Purchase_Line_Items</targetReference>
        </connector>
        <filterLogic>and</filterLogic>
        <filters>
            <field>Purchase_Order_Line_Items__c</field>
            <operator>IsNull</operator>
            <value>
                <booleanValue>false</booleanValue>
            </value>
        </filters>
        <object>Bill_Line_Item__c</object>
        <recordTriggerType>CreateAndUpdate</recordTriggerType>
        <triggerType>RecordAfterSave</triggerType>
    </start>
    <status>Obsolete</status>
    <variables>
        <name>BilledQuantityCount</name>
        <dataType>Number</dataType>
        <isCollection>false</isCollection>
        <isInput>false</isInput>
        <isOutput>false</isOutput>
        <scale>2</scale>
    </variables>
</Flow>
