<?xml version="1.0" encoding="UTF-8"?>
<Flow xmlns="http://soap.sforce.com/2006/04/metadata">
    <apiVersion>54.0</apiVersion>
    <interviewLabel>Update Payment Record {!$Flow.CurrentDateTime}</interviewLabel>
    <label>Update Payment Record</label>
    <processMetadataValues>
        <name>BuilderType</name>
        <value>
            <stringValue>LightningFlowBuilder</stringValue>
        </value>
    </processMetadataValues>
    <processMetadataValues>
        <name>CanvasMode</name>
        <value>
            <stringValue>AUTO_LAYOUT_CANVAS</stringValue>
        </value>
    </processMetadataValues>
    <processMetadataValues>
        <name>OriginBuilderType</name>
        <value>
            <stringValue>LightningFlowBuilder</stringValue>
        </value>
    </processMetadataValues>
    <processType>AutoLaunchedFlow</processType>
    <recordUpdates>
        <name>Update_Payment_Record</name>
        <label>Update Payment Record</label>
        <locationX>176</locationX>
        <locationY>311</locationY>
        <inputAssignments>
            <field>Accounts__c</field>
            <value>
                <elementReference>$Record.Debit_Note__r.Company__r.Id</elementReference>
            </value>
        </inputAssignments>
        <inputAssignments>
            <field>Amount__c</field>
            <value>
                <elementReference>$Record.Debit_Note__r.Debit__c</elementReference>
            </value>
        </inputAssignments>
        <inputAssignments>
            <field>Bank_Fee_COA__c</field>
            <value>
                <elementReference>Receivable</elementReference>
            </value>
        </inputAssignments>
        <inputAssignments>
            <field>Purchase_Orders__c</field>
            <value>
                <elementReference>$Record.Debit_Note__r.Purchase_Orders__c</elementReference>
            </value>
        </inputAssignments>
        <inputAssignments>
            <field>Total_Amount__c</field>
            <value>
                <elementReference>$Record.Debit_Note__r.Debit__c</elementReference>
            </value>
        </inputAssignments>
        <inputReference>$Record</inputReference>
    </recordUpdates>
    <start>
        <locationX>50</locationX>
        <locationY>0</locationY>
        <connector>
            <targetReference>Update_Payment_Record</targetReference>
        </connector>
        <filterLogic>and</filterLogic>
        <filters>
            <field>Debit_Note__c</field>
            <operator>IsNull</operator>
            <value>
                <booleanValue>false</booleanValue>
            </value>
        </filters>
        <object>Payment__c</object>
        <recordTriggerType>CreateAndUpdate</recordTriggerType>
        <triggerType>RecordBeforeSave</triggerType>
    </start>
    <status>Obsolete</status>
    <variables>
        <name>Receivable</name>
        <dataType>String</dataType>
        <isCollection>false</isCollection>
        <isInput>false</isInput>
        <isOutput>false</isOutput>
        <value>
            <stringValue>a111o000005iwVfAAI</stringValue>
        </value>
    </variables>
</Flow>
