<?xml version="1.0" encoding="UTF-8"?>
<Flow xmlns="http://soap.sforce.com/2006/04/metadata">
    <apiVersion>53.0</apiVersion>
    <formulas>
        <name>StockName</name>
        <dataType>String</dataType>
        <expression>&quot;Stock Take - &quot; &amp; TEXT( NOW() )</expression>
    </formulas>
    <interviewLabel>Update Stock take Name {!$Flow.CurrentDateTime}</interviewLabel>
    <label>Update Stock take Name</label>
    <processMetadataValues>
        <name>BuilderType</name>
        <value>
            <stringValue>LightningFlowBuilder</stringValue>
        </value>
    </processMetadataValues>
    <processMetadataValues>
        <name>CanvasMode</name>
        <value>
            <stringValue>FREE_FORM_CANVAS</stringValue>
        </value>
    </processMetadataValues>
    <processMetadataValues>
        <name>OriginBuilderType</name>
        <value>
            <stringValue>LightningFlowBuilder</stringValue>
        </value>
    </processMetadataValues>
    <processType>AutoLaunchedFlow</processType>
    <recordUpdates>
        <name>Update_Name</name>
        <label>Update Name</label>
        <locationX>307</locationX>
        <locationY>321</locationY>
        <inputAssignments>
            <field>Name</field>
            <value>
                <elementReference>StockName</elementReference>
            </value>
        </inputAssignments>
        <inputReference>$Record</inputReference>
    </recordUpdates>
    <start>
        <locationX>50</locationX>
        <locationY>50</locationY>
        <connector>
            <targetReference>Update_Name</targetReference>
        </connector>
        <filterLogic>and</filterLogic>
        <filters>
            <field>Name</field>
            <operator>IsNull</operator>
            <value>
                <booleanValue>false</booleanValue>
            </value>
        </filters>
        <object>Stock_Take__c</object>
        <recordTriggerType>Create</recordTriggerType>
        <triggerType>RecordBeforeSave</triggerType>
    </start>
    <status>Obsolete</status>
</Flow>
