<?xml version="1.0" encoding="UTF-8"?>
<Flow xmlns="http://soap.sforce.com/2006/04/metadata">
    <apiVersion>55.0</apiVersion>
    <decisions>
        <name>Check_for_Bill_Items</name>
        <label>Check for Bill Items</label>
        <locationX>182</locationX>
        <locationY>455</locationY>
        <defaultConnectorLabel>Default Outcome</defaultConnectorLabel>
        <rules>
            <name>Bill_Items</name>
            <conditionLogic>and</conditionLogic>
            <conditions>
                <leftValueReference>Check_for_Bill_Item</leftValueReference>
                <operator>IsNull</operator>
                <rightValue>
                    <booleanValue>false</booleanValue>
                </rightValue>
            </conditions>
            <connector>
                <targetReference>Update_Stock_Inward</targetReference>
            </connector>
            <label>Bill Items</label>
        </rules>
    </decisions>
    <interviewLabel>Update Bill Amount on Stock Inward {!$Flow.CurrentDateTime}</interviewLabel>
    <label>Update Bill Amount on Stock Inward</label>
    <processMetadataValues>
        <name>BuilderType</name>
        <value>
            <stringValue>LightningFlowBuilder</stringValue>
        </value>
    </processMetadataValues>
    <processMetadataValues>
        <name>CanvasMode</name>
        <value>
            <stringValue>AUTO_LAYOUT_CANVAS</stringValue>
        </value>
    </processMetadataValues>
    <processMetadataValues>
        <name>OriginBuilderType</name>
        <value>
            <stringValue>LightningFlowBuilder</stringValue>
        </value>
    </processMetadataValues>
    <processType>AutoLaunchedFlow</processType>
    <recordLookups>
        <name>Check_for_Bill_Item</name>
        <label>Check for Bill Item</label>
        <locationX>182</locationX>
        <locationY>335</locationY>
        <assignNullValuesIfNoRecordsFound>false</assignNullValuesIfNoRecordsFound>
        <connector>
            <targetReference>Check_for_Bill_Items</targetReference>
        </connector>
        <filterLogic>and</filterLogic>
        <filters>
            <field>Purchase_Order_Line_Items__c</field>
            <operator>EqualTo</operator>
            <value>
                <elementReference>$Record.Purchase_Line_Items__c</elementReference>
            </value>
        </filters>
        <getFirstRecordOnly>true</getFirstRecordOnly>
        <object>Bill_Line_Item__c</object>
        <sortField>CreatedDate</sortField>
        <sortOrder>Desc</sortOrder>
        <storeOutputAutomatically>true</storeOutputAutomatically>
    </recordLookups>
    <recordUpdates>
        <name>Update_Stock_Inward</name>
        <label>Update Stock Inward</label>
        <locationX>50</locationX>
        <locationY>575</locationY>
        <inputAssignments>
            <field>Bill_Line_Item__c</field>
            <value>
                <elementReference>Check_for_Bill_Item.Id</elementReference>
            </value>
        </inputAssignments>
        <inputAssignments>
            <field>Unit_Price__c</field>
            <value>
                <elementReference>Check_for_Bill_Item.Amount__c</elementReference>
            </value>
        </inputAssignments>
        <inputReference>$Record</inputReference>
    </recordUpdates>
    <start>
        <locationX>56</locationX>
        <locationY>0</locationY>
        <connector>
            <targetReference>Check_for_Bill_Item</targetReference>
        </connector>
        <filterLogic>and</filterLogic>
        <filters>
            <field>Purchase_Line_Items__c</field>
            <operator>IsNull</operator>
            <value>
                <booleanValue>false</booleanValue>
            </value>
        </filters>
        <object>Stock_Inward_Line_Item__c</object>
        <recordTriggerType>Create</recordTriggerType>
        <triggerType>RecordAfterSave</triggerType>
    </start>
    <status>Obsolete</status>
</Flow>
