<?xml version="1.0" encoding="UTF-8"?>
<Flow xmlns="http://soap.sforce.com/2006/04/metadata">
    <apiVersion>53.0</apiVersion>
    <assignments>
        <name>Update_Total_Deduction</name>
        <label>Update Total Deduction</label>
        <locationX>204</locationX>
        <locationY>410</locationY>
        <assignmentItems>
            <assignToReference>$Record.Total_Deduction__c</assignToReference>
            <operator>Assign</operator>
            <value>
                <elementReference>UpdateTotalDeduction</elementReference>
            </value>
        </assignmentItems>
    </assignments>
    <formulas>
        <name>UpdateTotalDeduction</name>
        <dataType>Currency</dataType>
        <expression>{!$Record.Sale_Price__c} * {!$Record.Return_Quantity__c}</expression>
        <scale>2</scale>
    </formulas>
    <interviewLabel>Update Total Deduction {!$Flow.CurrentDateTime}</interviewLabel>
    <label>Update Total Deduction</label>
    <processMetadataValues>
        <name>BuilderType</name>
        <value>
            <stringValue>LightningFlowBuilder</stringValue>
        </value>
    </processMetadataValues>
    <processMetadataValues>
        <name>CanvasMode</name>
        <value>
            <stringValue>FREE_FORM_CANVAS</stringValue>
        </value>
    </processMetadataValues>
    <processMetadataValues>
        <name>OriginBuilderType</name>
        <value>
            <stringValue>LightningFlowBuilder</stringValue>
        </value>
    </processMetadataValues>
    <processType>AutoLaunchedFlow</processType>
    <start>
        <locationX>50</locationX>
        <locationY>50</locationY>
        <connector>
            <targetReference>Update_Total_Deduction</targetReference>
        </connector>
        <filterLogic>and</filterLogic>
        <filters>
            <field>Return_Quantity__c</field>
            <operator>IsNull</operator>
            <value>
                <booleanValue>false</booleanValue>
            </value>
        </filters>
        <filters>
            <field>Return_Quantity__c</field>
            <operator>IsChanged</operator>
            <value>
                <booleanValue>true</booleanValue>
            </value>
        </filters>
        <filters>
            <field>Return_Quantity__c</field>
            <operator>GreaterThan</operator>
            <value>
                <numberValue>0.0</numberValue>
            </value>
        </filters>
        <object>RMA_Line_Item__c</object>
        <recordTriggerType>CreateAndUpdate</recordTriggerType>
        <triggerType>RecordBeforeSave</triggerType>
    </start>
    <status>Obsolete</status>
</Flow>
