<?xml version="1.0" encoding="UTF-8"?>
<CustomField xmlns="http://soap.sforce.com/2006/04/metadata">
    <fullName>Tested_By__c</fullName>
    <deleteConstraint>SetNull</deleteConstraint>
    <externalId>false</externalId>
    <label>Tested By</label>
    <referenceTo>Employees__c</referenceTo>
    <relationshipLabel>Quality Orders (Tested By)</relationshipLabel>
    <relationshipName>Quality_Orders1</relationshipName>
    <required>false</required>
    <trackTrending>false</trackTrending>
    <type>Lookup</type>
</CustomField>
