<?xml version="1.0" encoding="UTF-8"?>
<CustomField xmlns="http://soap.sforce.com/2006/04/metadata">
    <fullName>Work_Orders__c</fullName>
    <deleteConstraint>SetNull</deleteConstraint>
    <externalId>false</externalId>
    <label>Work Order</label>
    <referenceTo>WO__c</referenceTo>
    <relationshipLabel>Quality Orders</relationshipLabel>
    <relationshipName>Quality_Orders</relationshipName>
    <required>false</required>
    <trackTrending>false</trackTrending>
    <type>Lookup</type>
</CustomField>
