<?xml version="1.0" encoding="UTF-8"?>
<RecordType xmlns="http://soap.sforce.com/2006/04/metadata">
    <fullName>Advance_to_vendor</fullName>
    <active>true</active>
    <label>Advance to vendor</label>
    <picklistValues>
        <picklist>Status__c</picklist>
        <values>
            <fullName>Approval Required</fullName>
            <default>false</default>
        </values>
        <values>
            <fullName>Approved</fullName>
            <default>false</default>
        </values>
        <values>
            <fullName>Cancelled</fullName>
            <default>false</default>
        </values>
        <values>
            <fullName>Closed</fullName>
            <default>false</default>
        </values>
        <values>
            <fullName>New</fullName>
            <default>false</default>
        </values>
        <values>
            <fullName>On Hold</fullName>
            <default>false</default>
        </values>
        <values>
            <fullName>Paid</fullName>
            <default>false</default>
        </values>
        <values>
            <fullName>Reconciled</fullName>
            <default>false</default>
        </values>
    </picklistValues>
    <picklistValues>
        <picklist>Type__c</picklist>
        <values>
            <fullName>Credit</fullName>
            <default>false</default>
        </values>
        <values>
            <fullName>Debit</fullName>
            <default>false</default>
        </values>
        <values>
            <fullName>Purchase</fullName>
            <default>false</default>
        </values>
    </picklistValues>
</RecordType>
