<?xml version="1.0" encoding="UTF-8"?>
<CustomApplication xmlns="http://soap.sforce.com/2006/04/metadata">
    <brand>
        <headerColor>#0070D2</headerColor>
        <shouldOverrideOrgTheme>false</shouldOverrideOrgTheme>
    </brand>
    <formFactors>Small</formFactors>
    <formFactors>Large</formFactors>
    <isNavAutoTempTabsDisabled>false</isNavAutoTempTabsDisabled>
    <isNavPersonalizationDisabled>false</isNavPersonalizationDisabled>
    <label>Finance</label>
    <navType>Standard</navType>
    <tabs>Accounts_Payable</tabs>
    <tabs>Accounts_Receivable</tabs>
    <tabs>Balance_Sheet</tabs>
    <tabs>Bank_Reconciliation</tabs>
    <tabs>Trial_Balance</tabs>
    <tabs>Address__c</tabs>
    <tabs>Bill__c</tabs>
    <tabs>Chart_of_Accounts__c</tabs>
    <tabs>Distribution_Channel__c</tabs>
    <tabs>Invoice__c</tabs>
    <tabs>Manufacturing_Order__c</tabs>
    <uiType>Lightning</uiType>
</CustomApplication>
