<?xml version="1.0" encoding="UTF-8"?>
<RecordType xmlns="http://soap.sforce.com/2006/04/metadata">
    <fullName>Drop_Ship_purchase_order</fullName>
    <active>true</active>
    <label>Drop Ship purchase order</label>
    <picklistValues>
        <picklist>Purchase_Type__c</picklist>
        <values>
            <fullName>10KG Box</fullName>
            <default>false</default>
        </values>
        <values>
            <fullName>25KG Box</fullName>
            <default>false</default>
        </values>
        <values>
            <fullName>Box</fullName>
            <default>false</default>
        </values>
        <values>
            <fullName>Envelope</fullName>
            <default>false</default>
        </values>
        <values>
            <fullName>Express Box</fullName>
            <default>false</default>
        </values>
        <values>
            <fullName>FedEx%C2%AE 10kg Box</fullName>
            <default>false</default>
        </values>
        <values>
            <fullName>FedEx%C2%AE 25kg Box</fullName>
            <default>false</default>
        </values>
        <values>
            <fullName>FedEx%C2%AE A4 Box</fullName>
            <default>false</default>
        </values>
        <values>
            <fullName>FedEx%C2%AE Envelope</fullName>
            <default>false</default>
        </values>
        <values>
            <fullName>FedEx%C2%AE Large Box</fullName>
            <default>false</default>
        </values>
        <values>
            <fullName>FedEx%C2%AE Medium Box</fullName>
            <default>false</default>
        </values>
        <values>
            <fullName>FedEx%C2%AE Padded Pak</fullName>
            <default>false</default>
        </values>
        <values>
            <fullName>FedEx%C2%AE Pak</fullName>
            <default>false</default>
        </values>
        <values>
            <fullName>FedEx%C2%AE Small Box</fullName>
            <default>false</default>
        </values>
        <values>
            <fullName>FedEx%C2%AE Tube</fullName>
            <default>false</default>
        </values>
        <values>
            <fullName>FedEx%C2%AE UN 3373 Pak</fullName>
            <default>false</default>
        </values>
        <values>
            <fullName>FedEx%C2%AE XL Pak</fullName>
            <default>false</default>
        </values>
        <values>
            <fullName>Large Express Box</fullName>
            <default>false</default>
        </values>
        <values>
            <fullName>Medium Express Box</fullName>
            <default>false</default>
        </values>
        <values>
            <fullName>Non-Standard Container</fullName>
            <default>false</default>
        </values>
        <values>
            <fullName>Package</fullName>
            <default>false</default>
        </values>
        <values>
            <fullName>Pak</fullName>
            <default>false</default>
        </values>
        <values>
            <fullName>Pallet</fullName>
            <default>false</default>
        </values>
        <values>
            <fullName>Small Express Box</fullName>
            <default>false</default>
        </values>
        <values>
            <fullName>Tube</fullName>
            <default>false</default>
        </values>
        <values>
            <fullName>UNKNOWN</fullName>
            <default>false</default>
        </values>
        <values>
            <fullName>UPS Letter</fullName>
            <default>false</default>
        </values>
    </picklistValues>
    <picklistValues>
        <picklist>Shipment_Preference_Speed__c</picklist>
        <values>
            <fullName>--None--</fullName>
            <default>false</default>
        </values>
        <values>
            <fullName>DHL Express</fullName>
            <default>false</default>
        </values>
        <values>
            <fullName>DHL Same Day</fullName>
            <default>false</default>
        </values>
        <values>
            <fullName>EUROPE_FIRST_INTERNATIONAL_PRIORITY</fullName>
            <default>false</default>
        </values>
        <values>
            <fullName>FEDEX_1_DAY_FREIGHT</fullName>
            <default>false</default>
        </values>
        <values>
            <fullName>FEDEX_2_DAY</fullName>
            <default>false</default>
        </values>
        <values>
            <fullName>FEDEX_2_DAY_AM</fullName>
            <default>false</default>
        </values>
        <values>
            <fullName>FEDEX_2_DAY_FREIGHT</fullName>
            <default>false</default>
        </values>
        <values>
            <fullName>FEDEX_3_DAY_FREIGHT</fullName>
            <default>false</default>
        </values>
        <values>
            <fullName>FEDEX_EXPRESS_SAVER</fullName>
            <default>false</default>
        </values>
        <values>
            <fullName>FEDEX_FIRST_FREIGHT</fullName>
            <default>false</default>
        </values>
        <values>
            <fullName>FEDEX_FREIGHT_ECONOMY</fullName>
            <default>false</default>
        </values>
        <values>
            <fullName>FEDEX_FREIGHT_PRIORITY</fullName>
            <default>false</default>
        </values>
        <values>
            <fullName>FEDEX_GROUND</fullName>
            <default>false</default>
        </values>
        <values>
            <fullName>FEDEX_INTERNATIONAL_PRIORITY_PLUS</fullName>
            <default>false</default>
        </values>
        <values>
            <fullName>FEDEX_NEXT_DAY_AFTERNOON</fullName>
            <default>false</default>
        </values>
        <values>
            <fullName>FEDEX_NEXT_DAY_EARLY_MORNING</fullName>
            <default>false</default>
        </values>
        <values>
            <fullName>FEDEX_NEXT_DAY_END_OF_DAY</fullName>
            <default>false</default>
        </values>
        <values>
            <fullName>FEDEX_NEXT_DAY_FREIGHT</fullName>
            <default>false</default>
        </values>
        <values>
            <fullName>FEDEX_NEXT_DAY_MID_MORNING</fullName>
            <default>false</default>
        </values>
        <values>
            <fullName>FIRST_OVERNIGHT</fullName>
            <default>false</default>
        </values>
        <values>
            <fullName>First-Class Mail</fullName>
            <default>false</default>
        </values>
        <values>
            <fullName>First-Class Package International Service</fullName>
            <default>false</default>
        </values>
        <values>
            <fullName>First-Class Package Service</fullName>
            <default>false</default>
        </values>
        <values>
            <fullName>GROUND_HOME_DELIVERY</fullName>
            <default>false</default>
        </values>
        <values>
            <fullName>Global Express Guaranteed</fullName>
            <default>false</default>
        </values>
        <values>
            <fullName>INTERNATIONAL_DISTRIBUTION_FREIGHT</fullName>
            <default>false</default>
        </values>
        <values>
            <fullName>INTERNATIONAL_GROUND</fullName>
            <default>false</default>
        </values>
        <values>
            <fullName>INTERNATIONAL_PRIORITY</fullName>
            <default>false</default>
        </values>
        <values>
            <fullName>Media Mail</fullName>
            <default>false</default>
        </values>
        <values>
            <fullName>PRIORITY_OVERNIGHT</fullName>
            <default>false</default>
        </values>
        <values>
            <fullName>Priority Mail</fullName>
            <default>false</default>
        </values>
        <values>
            <fullName>Priority Mail Express International</fullName>
            <default>false</default>
        </values>
        <values>
            <fullName>Priority Mail International</fullName>
            <default>false</default>
        </values>
        <values>
            <fullName>SAME_DAY</fullName>
            <default>false</default>
        </values>
        <values>
            <fullName>STANDARD_OVERNIGHT</fullName>
            <default>false</default>
        </values>
        <values>
            <fullName>UPS 2nd Day Air</fullName>
            <default>false</default>
        </values>
        <values>
            <fullName>UPS 2nd Day Air A%2EM%2E</fullName>
            <default>false</default>
        </values>
        <values>
            <fullName>UPS 3 Day Select</fullName>
            <default>false</default>
        </values>
        <values>
            <fullName>UPS Expedited</fullName>
            <default>false</default>
        </values>
        <values>
            <fullName>UPS Express Plus</fullName>
            <default>false</default>
        </values>
        <values>
            <fullName>UPS Ground</fullName>
            <default>false</default>
        </values>
        <values>
            <fullName>UPS Next Day Air</fullName>
            <default>false</default>
        </values>
        <values>
            <fullName>UPS Next Day Air Saver</fullName>
            <default>false</default>
        </values>
        <values>
            <fullName>UPS Next Day Air%C2%AE Early</fullName>
            <default>false</default>
        </values>
        <values>
            <fullName>UPS Worldwide Expedited</fullName>
            <default>false</default>
        </values>
        <values>
            <fullName>UPS Worldwide Express</fullName>
            <default>false</default>
        </values>
        <values>
            <fullName>UPS Worldwide Express Freight</fullName>
            <default>false</default>
        </values>
        <values>
            <fullName>UPS Worldwide Express Freight Midday</fullName>
            <default>false</default>
        </values>
        <values>
            <fullName>UPS Worldwide Express Plus</fullName>
            <default>false</default>
        </values>
        <values>
            <fullName>UPS Worldwide Express Saver</fullName>
            <default>false</default>
        </values>
        <values>
            <fullName>UPS Worldwide Save</fullName>
            <default>false</default>
        </values>
        <values>
            <fullName>USPS Retail Ground</fullName>
            <default>false</default>
        </values>
    </picklistValues>
    <picklistValues>
        <picklist>Shipment_Type__c</picklist>
        <values>
            <fullName>DHL</fullName>
            <default>false</default>
        </values>
        <values>
            <fullName>FedEx</fullName>
            <default>false</default>
        </values>
        <values>
            <fullName>UPS</fullName>
            <default>false</default>
        </values>
        <values>
            <fullName>USPS</fullName>
            <default>false</default>
        </values>
    </picklistValues>
    <picklistValues>
        <picklist>Stage__c</picklist>
        <values>
            <fullName>Closed</fullName>
            <default>false</default>
        </values>
        <values>
            <fullName>In Review</fullName>
            <default>false</default>
        </values>
        <values>
            <fullName>Logistic Create</fullName>
            <default>false</default>
        </values>
        <values>
            <fullName>Logistic Not Initiated</fullName>
            <default>false</default>
        </values>
        <values>
            <fullName>Not Yet Received</fullName>
            <default>false</default>
        </values>
        <values>
            <fullName>On Hold</fullName>
            <default>false</default>
        </values>
        <values>
            <fullName>PO Sent To Vendor</fullName>
            <default>false</default>
        </values>
        <values>
            <fullName>Partially Received</fullName>
            <default>false</default>
        </values>
        <values>
            <fullName>Ready to Bill</fullName>
            <default>false</default>
        </values>
        <values>
            <fullName>Received</fullName>
            <default>false</default>
        </values>
    </picklistValues>
    <picklistValues>
        <picklist>Status__c</picklist>
        <values>
            <fullName>Approved</fullName>
            <default>false</default>
        </values>
        <values>
            <fullName>Assigned</fullName>
            <default>false</default>
        </values>
        <values>
            <fullName>Booked</fullName>
            <default>false</default>
        </values>
        <values>
            <fullName>Cancelled</fullName>
            <default>false</default>
        </values>
        <values>
            <fullName>Closed</fullName>
            <default>false</default>
        </values>
        <values>
            <fullName>Draft</fullName>
            <default>false</default>
        </values>
        <values>
            <fullName>In Progress</fullName>
            <default>false</default>
        </values>
        <values>
            <fullName>Logged</fullName>
            <default>false</default>
        </values>
        <values>
            <fullName>Reconciled</fullName>
            <default>false</default>
        </values>
        <values>
            <fullName>Rejected</fullName>
            <default>false</default>
        </values>
        <values>
            <fullName>Submitted for Approval</fullName>
            <default>false</default>
        </values>
        <values>
            <fullName>Supplier Accepted</fullName>
            <default>false</default>
        </values>
    </picklistValues>
</RecordType>
