<?xml version="1.0" encoding="UTF-8"?>
<RecordType xmlns="http://soap.sforce.com/2006/04/metadata">
    <fullName>Expense_Bill</fullName>
    <active>true</active>
    <label>Expense Bill</label>
    <picklistValues>
        <picklist>Account_Category__c</picklist>
        <values>
            <fullName>AFFAIRES</fullName>
            <default>false</default>
        </values>
        <values>
            <fullName>ETUDES</fullName>
            <default>false</default>
        </values>
        <values>
            <fullName>Module</fullName>
            <default>false</default>
        </values>
        <values>
            <fullName>RD</fullName>
            <default>false</default>
        </values>
    </picklistValues>
    <picklistValues>
        <picklist>Expense_Type__c</picklist>
        <values>
            <fullName>Miscellaneous</fullName>
            <default>false</default>
        </values>
        <values>
            <fullName>Rent</fullName>
            <default>false</default>
        </values>
        <values>
            <fullName>Transportation</fullName>
            <default>false</default>
        </values>
        <values>
            <fullName>Travel</fullName>
            <default>false</default>
        </values>
    </picklistValues>
    <picklistValues>
        <picklist>Item_Type__c</picklist>
        <values>
            <fullName>Expense</fullName>
            <default>false</default>
        </values>
        <values>
            <fullName>Item</fullName>
            <default>false</default>
        </values>
    </picklistValues>
</RecordType>
