<?xml version="1.0" encoding="UTF-8"?>
<ListView xmlns="http://soap.sforce.com/2006/04/metadata">
    <fullName>All</fullName>
    <columns>NAME</columns>
    <columns>Channel__c</columns>
    <columns>Distribution_Channel__c</columns>
    <columns>Vendor__c</columns>
    <columns>RECORDTYPE</columns>
    <columns>Status__c</columns>
    <columns>Count_PO_Line_Items__c</columns>
    <columns>Total_Quantity__c</columns>
    <columns>Reconciled_Quantity__c</columns>
    <columns>Total_Amount__c</columns>
    <columns>CREATED_DATE</columns>
    <columns>Ready_To_Pick_Pack__c</columns>
    <columns>Active__c</columns>
    <filterScope>Everything</filterScope>
    <filters>
        <field>Ready_To_Receive__c</field>
        <operation>equals</operation>
        <value>0</value>
    </filters>
    <label>All</label>
</ListView>
