<?xml version="1.0" encoding="UTF-8"?>
<CustomObject xmlns="http://soap.sforce.com/2006/04/metadata">
    <actionOverrides>
        <actionName>Accept</actionName>
        <type>Default</type>
    </actionOverrides>
    <actionOverrides>
        <actionName>Accept</actionName>
        <formFactor>Large</formFactor>
        <type>Default</type>
    </actionOverrides>
    <actionOverrides>
        <actionName>Accept</actionName>
        <formFactor>Small</formFactor>
        <type>Default</type>
    </actionOverrides>
    <actionOverrides>
        <actionName>CancelEdit</actionName>
        <type>Default</type>
    </actionOverrides>
    <actionOverrides>
        <actionName>CancelEdit</actionName>
        <formFactor>Large</formFactor>
        <type>Default</type>
    </actionOverrides>
    <actionOverrides>
        <actionName>CancelEdit</actionName>
        <formFactor>Small</formFactor>
        <type>Default</type>
    </actionOverrides>
    <actionOverrides>
        <actionName>Clone</actionName>
        <type>Default</type>
    </actionOverrides>
    <actionOverrides>
        <actionName>Clone</actionName>
        <formFactor>Large</formFactor>
        <type>Default</type>
    </actionOverrides>
    <actionOverrides>
        <actionName>Clone</actionName>
        <formFactor>Small</formFactor>
        <type>Default</type>
    </actionOverrides>
    <actionOverrides>
        <actionName>Delete</actionName>
        <type>Default</type>
    </actionOverrides>
    <actionOverrides>
        <actionName>Delete</actionName>
        <formFactor>Large</formFactor>
        <type>Default</type>
    </actionOverrides>
    <actionOverrides>
        <actionName>Delete</actionName>
        <formFactor>Small</formFactor>
        <type>Default</type>
    </actionOverrides>
    <actionOverrides>
        <actionName>Edit</actionName>
        <type>Default</type>
    </actionOverrides>
    <actionOverrides>
        <actionName>Edit</actionName>
        <formFactor>Large</formFactor>
        <type>Default</type>
    </actionOverrides>
    <actionOverrides>
        <actionName>Edit</actionName>
        <formFactor>Small</formFactor>
        <type>Default</type>
    </actionOverrides>
    <actionOverrides>
        <actionName>List</actionName>
        <type>Default</type>
    </actionOverrides>
    <actionOverrides>
        <actionName>List</actionName>
        <formFactor>Large</formFactor>
        <type>Default</type>
    </actionOverrides>
    <actionOverrides>
        <actionName>List</actionName>
        <formFactor>Small</formFactor>
        <type>Default</type>
    </actionOverrides>
    <actionOverrides>
        <actionName>New</actionName>
        <type>Default</type>
    </actionOverrides>
    <actionOverrides>
        <actionName>New</actionName>
        <formFactor>Large</formFactor>
        <type>Default</type>
    </actionOverrides>
    <actionOverrides>
        <actionName>New</actionName>
        <formFactor>Small</formFactor>
        <type>Default</type>
    </actionOverrides>
    <actionOverrides>
        <actionName>SaveEdit</actionName>
        <type>Default</type>
    </actionOverrides>
    <actionOverrides>
        <actionName>SaveEdit</actionName>
        <formFactor>Large</formFactor>
        <type>Default</type>
    </actionOverrides>
    <actionOverrides>
        <actionName>SaveEdit</actionName>
        <formFactor>Small</formFactor>
        <type>Default</type>
    </actionOverrides>
    <actionOverrides>
        <actionName>Tab</actionName>
        <type>Default</type>
    </actionOverrides>
    <actionOverrides>
        <actionName>Tab</actionName>
        <formFactor>Large</formFactor>
        <type>Default</type>
    </actionOverrides>
    <actionOverrides>
        <actionName>Tab</actionName>
        <formFactor>Small</formFactor>
        <type>Default</type>
    </actionOverrides>
    <actionOverrides>
        <actionName>View</actionName>
        <type>Default</type>
    </actionOverrides>
    <actionOverrides>
        <actionName>View</actionName>
        <formFactor>Large</formFactor>
        <type>Default</type>
    </actionOverrides>
    <actionOverrides>
        <actionName>View</actionName>
        <formFactor>Small</formFactor>
        <type>Default</type>
    </actionOverrides>
    <allowInChatterGroups>false</allowInChatterGroups>
    <compactLayoutAssignment>SYSTEM</compactLayoutAssignment>
    <deploymentStatus>Deployed</deploymentStatus>
    <enableActivities>true</enableActivities>
    <enableBulkApi>true</enableBulkApi>
    <enableEnhancedLookup>true</enableEnhancedLookup>
    <enableFeeds>false</enableFeeds>
    <enableHistory>true</enableHistory>
    <enableLicensing>false</enableLicensing>
    <enableReports>true</enableReports>
    <enableSearch>true</enableSearch>
    <enableSharing>true</enableSharing>
    <enableStreamingApi>true</enableStreamingApi>
    <externalSharingModel>ReadWrite</externalSharingModel>
    <label>Resource Allocation</label>
    <nameField>
        <label>Resource Name</label>
        <trackHistory>false</trackHistory>
        <type>Text</type>
    </nameField>
    <pluralLabel>Resource Allocation</pluralLabel>
    <recordTypeTrackHistory>false</recordTypeTrackHistory>
    <searchLayouts>
        <customTabListAdditionalFields>Project_Allocation__c</customTabListAdditionalFields>
        <lookupDialogsAdditionalFields>Project_Allocation__c</lookupDialogsAdditionalFields>
        <lookupDialogsAdditionalFields>Programme__c</lookupDialogsAdditionalFields>
        <lookupDialogsAdditionalFields>Date_Started__c</lookupDialogsAdditionalFields>
        <lookupDialogsAdditionalFields>Date_Finished__c</lookupDialogsAdditionalFields>
        <lookupPhoneDialogsAdditionalFields>Project_Allocation__c</lookupPhoneDialogsAdditionalFields>
        <lookupPhoneDialogsAdditionalFields>Programme__c</lookupPhoneDialogsAdditionalFields>
        <searchFilterFields>NAME</searchFilterFields>
        <searchFilterFields>Programme__c</searchFilterFields>
        <searchFilterFields>Project_Allocation__c</searchFilterFields>
        <searchResultsAdditionalFields>Company__c</searchResultsAdditionalFields>
    </searchLayouts>
    <sharingModel>ReadWrite</sharingModel>
    <visibility>Public</visibility>
</CustomObject>
