<?xml version="1.0" encoding="UTF-8"?>
<CustomObject xmlns="http://soap.sforce.com/2006/04/metadata">
    <actionOverrides>
        <actionName>Accept</actionName>
        <type>Default</type>
    </actionOverrides>
    <actionOverrides>
        <actionName>Accept</actionName>
        <formFactor>Large</formFactor>
        <type>Default</type>
    </actionOverrides>
    <actionOverrides>
        <actionName>Accept</actionName>
        <formFactor>Small</formFactor>
        <type>Default</type>
    </actionOverrides>
    <actionOverrides>
        <actionName>CancelEdit</actionName>
        <type>Default</type>
    </actionOverrides>
    <actionOverrides>
        <actionName>CancelEdit</actionName>
        <formFactor>Large</formFactor>
        <type>Default</type>
    </actionOverrides>
    <actionOverrides>
        <actionName>CancelEdit</actionName>
        <formFactor>Small</formFactor>
        <type>Default</type>
    </actionOverrides>
    <actionOverrides>
        <actionName>Clone</actionName>
        <type>Default</type>
    </actionOverrides>
    <actionOverrides>
        <actionName>Clone</actionName>
        <formFactor>Large</formFactor>
        <type>Default</type>
    </actionOverrides>
    <actionOverrides>
        <actionName>Clone</actionName>
        <formFactor>Small</formFactor>
        <type>Default</type>
    </actionOverrides>
    <actionOverrides>
        <actionName>Delete</actionName>
        <type>Default</type>
    </actionOverrides>
    <actionOverrides>
        <actionName>Delete</actionName>
        <formFactor>Large</formFactor>
        <type>Default</type>
    </actionOverrides>
    <actionOverrides>
        <actionName>Delete</actionName>
        <formFactor>Small</formFactor>
        <type>Default</type>
    </actionOverrides>
    <actionOverrides>
        <actionName>Edit</actionName>
        <type>Default</type>
    </actionOverrides>
    <actionOverrides>
        <actionName>Edit</actionName>
        <formFactor>Large</formFactor>
        <type>Default</type>
    </actionOverrides>
    <actionOverrides>
        <actionName>Edit</actionName>
        <formFactor>Small</formFactor>
        <type>Default</type>
    </actionOverrides>
    <actionOverrides>
        <actionName>List</actionName>
        <type>Default</type>
    </actionOverrides>
    <actionOverrides>
        <actionName>List</actionName>
        <formFactor>Large</formFactor>
        <type>Default</type>
    </actionOverrides>
    <actionOverrides>
        <actionName>List</actionName>
        <formFactor>Small</formFactor>
        <type>Default</type>
    </actionOverrides>
    <actionOverrides>
        <actionName>New</actionName>
        <type>Default</type>
    </actionOverrides>
    <actionOverrides>
        <actionName>New</actionName>
        <formFactor>Large</formFactor>
        <type>Default</type>
    </actionOverrides>
    <actionOverrides>
        <actionName>New</actionName>
        <formFactor>Small</formFactor>
        <type>Default</type>
    </actionOverrides>
    <actionOverrides>
        <actionName>SaveEdit</actionName>
        <type>Default</type>
    </actionOverrides>
    <actionOverrides>
        <actionName>SaveEdit</actionName>
        <formFactor>Large</formFactor>
        <type>Default</type>
    </actionOverrides>
    <actionOverrides>
        <actionName>SaveEdit</actionName>
        <formFactor>Small</formFactor>
        <type>Default</type>
    </actionOverrides>
    <actionOverrides>
        <actionName>Tab</actionName>
        <type>Default</type>
    </actionOverrides>
    <actionOverrides>
        <actionName>Tab</actionName>
        <formFactor>Large</formFactor>
        <type>Default</type>
    </actionOverrides>
    <actionOverrides>
        <actionName>Tab</actionName>
        <formFactor>Small</formFactor>
        <type>Default</type>
    </actionOverrides>
    <actionOverrides>
        <actionName>View</actionName>
        <type>Default</type>
    </actionOverrides>
    <actionOverrides>
        <actionName>View</actionName>
        <formFactor>Large</formFactor>
        <type>Default</type>
    </actionOverrides>
    <actionOverrides>
        <actionName>View</actionName>
        <formFactor>Small</formFactor>
        <type>Default</type>
    </actionOverrides>
    <allowInChatterGroups>false</allowInChatterGroups>
    <compactLayoutAssignment>SYSTEM</compactLayoutAssignment>
    <deploymentStatus>Deployed</deploymentStatus>
    <enableActivities>false</enableActivities>
    <enableBulkApi>true</enableBulkApi>
    <enableEnhancedLookup>true</enableEnhancedLookup>
    <enableFeeds>false</enableFeeds>
    <enableHistory>false</enableHistory>
    <enableLicensing>false</enableLicensing>
    <enableReports>false</enableReports>
    <enableSearch>true</enableSearch>
    <enableSharing>true</enableSharing>
    <enableStreamingApi>true</enableStreamingApi>
    <externalSharingModel>ReadWrite</externalSharingModel>
    <label>Transaction</label>
    <nameField>
        <label>Transaction Reference</label>
        <type>Text</type>
    </nameField>
    <pluralLabel>Transactions</pluralLabel>
    <searchLayouts>
        <customTabListAdditionalFields>Finance_Category_Type__c</customTabListAdditionalFields>
        <customTabListAdditionalFields>Transaction_Date__c</customTabListAdditionalFields>
        <customTabListAdditionalFields>Transaction_Method__c</customTabListAdditionalFields>
        <customTabListAdditionalFields>Transaction_Status__c</customTabListAdditionalFields>
        <customTabListAdditionalFields>Transaction_Type__c</customTabListAdditionalFields>
        <lookupDialogsAdditionalFields>Transaction_Date__c</lookupDialogsAdditionalFields>
        <lookupDialogsAdditionalFields>Transaction_Method__c</lookupDialogsAdditionalFields>
        <lookupDialogsAdditionalFields>Transaction_Status__c</lookupDialogsAdditionalFields>
        <lookupDialogsAdditionalFields>Transaction_Type__c</lookupDialogsAdditionalFields>
        <lookupPhoneDialogsAdditionalFields>Transaction_Date__c</lookupPhoneDialogsAdditionalFields>
        <lookupPhoneDialogsAdditionalFields>Transaction_Method__c</lookupPhoneDialogsAdditionalFields>
        <lookupPhoneDialogsAdditionalFields>Transaction_Status__c</lookupPhoneDialogsAdditionalFields>
        <lookupPhoneDialogsAdditionalFields>Transaction_Type__c</lookupPhoneDialogsAdditionalFields>
        <searchFilterFields>Finance_Category_Type__c</searchFilterFields>
        <searchFilterFields>NAME</searchFilterFields>
        <searchFilterFields>Transaction_Date__c</searchFilterFields>
        <searchFilterFields>Transaction_Method__c</searchFilterFields>
        <searchFilterFields>Transaction_Type__c</searchFilterFields>
        <searchFilterFields>Transaction_Status__c</searchFilterFields>
        <searchResultsAdditionalFields>Transaction_Type__c</searchResultsAdditionalFields>
        <searchResultsAdditionalFields>Transaction_Method__c</searchResultsAdditionalFields>
        <searchResultsAdditionalFields>Amount__c</searchResultsAdditionalFields>
    </searchLayouts>
    <sharingModel>ReadWrite</sharingModel>
    <visibility>Public</visibility>
</CustomObject>
