<?xml version="1.0" encoding="UTF-8"?>
<CustomField xmlns="http://soap.sforce.com/2006/04/metadata">
    <fullName>Company__c</fullName>
    <deleteConstraint>SetNull</deleteConstraint>
    <externalId>false</externalId>
    <label>Company</label>
    <lookupFilter>
        <active>true</active>
        <filterItems>
            <field>Account.Account_Type__c</field>
            <operation>equals</operation>
            <value>Company</value>
        </filterItems>
        <isOptional>true</isOptional>
    </lookupFilter>
    <referenceTo>Account</referenceTo>
    <relationshipLabel>Shipping Zones</relationshipLabel>
    <relationshipName>Shipping_Zones</relationshipName>
    <required>false</required>
    <trackTrending>false</trackTrending>
    <type>Lookup</type>
</CustomField>
