<?xml version="1.0" encoding="UTF-8"?>
<CustomField xmlns="http://soap.sforce.com/2006/04/metadata">
    <fullName>Resource__c</fullName>
    <deleteConstraint>SetNull</deleteConstraint>
    <externalId>false</externalId>
    <label>Resource</label>
    <lookupFilter>
        <active>true</active>
        <filterItems>
            <field>Resource__c.Employee__c</field>
            <operation>equals</operation>
            <valueField>$Source.Employee__c</valueField>
        </filterItems>
        <isOptional>true</isOptional>
    </lookupFilter>
    <referenceTo>Resource__c</referenceTo>
    <relationshipLabel>Overtime</relationshipLabel>
    <relationshipName>Overtime</relationshipName>
    <required>false</required>
    <trackTrending>false</trackTrending>
    <type>Lookup</type>
</CustomField>
