<?xml version="1.0" encoding="UTF-8"?>
<CustomObject xmlns="http://soap.sforce.com/2006/04/metadata">
    <actionOverrides>
        <actionName>Accept</actionName>
        <type>Default</type>
    </actionOverrides>
    <actionOverrides>
        <actionName>Accept</actionName>
        <formFactor>Large</formFactor>
        <type>Default</type>
    </actionOverrides>
    <actionOverrides>
        <actionName>Accept</actionName>
        <formFactor>Small</formFactor>
        <type>Default</type>
    </actionOverrides>
    <actionOverrides>
        <actionName>CancelEdit</actionName>
        <type>Default</type>
    </actionOverrides>
    <actionOverrides>
        <actionName>CancelEdit</actionName>
        <formFactor>Large</formFactor>
        <type>Default</type>
    </actionOverrides>
    <actionOverrides>
        <actionName>CancelEdit</actionName>
        <formFactor>Small</formFactor>
        <type>Default</type>
    </actionOverrides>
    <actionOverrides>
        <actionName>Clone</actionName>
        <type>Default</type>
    </actionOverrides>
    <actionOverrides>
        <actionName>Clone</actionName>
        <formFactor>Large</formFactor>
        <type>Default</type>
    </actionOverrides>
    <actionOverrides>
        <actionName>Clone</actionName>
        <formFactor>Small</formFactor>
        <type>Default</type>
    </actionOverrides>
    <actionOverrides>
        <actionName>Delete</actionName>
        <type>Default</type>
    </actionOverrides>
    <actionOverrides>
        <actionName>Delete</actionName>
        <formFactor>Large</formFactor>
        <type>Default</type>
    </actionOverrides>
    <actionOverrides>
        <actionName>Delete</actionName>
        <formFactor>Small</formFactor>
        <type>Default</type>
    </actionOverrides>
    <actionOverrides>
        <actionName>Edit</actionName>
        <type>Default</type>
    </actionOverrides>
    <actionOverrides>
        <actionName>Edit</actionName>
        <formFactor>Large</formFactor>
        <type>Default</type>
    </actionOverrides>
    <actionOverrides>
        <actionName>Edit</actionName>
        <formFactor>Small</formFactor>
        <type>Default</type>
    </actionOverrides>
    <actionOverrides>
        <actionName>List</actionName>
        <type>Default</type>
    </actionOverrides>
    <actionOverrides>
        <actionName>List</actionName>
        <formFactor>Large</formFactor>
        <type>Default</type>
    </actionOverrides>
    <actionOverrides>
        <actionName>List</actionName>
        <formFactor>Small</formFactor>
        <type>Default</type>
    </actionOverrides>
    <actionOverrides>
        <actionName>New</actionName>
        <type>Default</type>
    </actionOverrides>
    <actionOverrides>
        <actionName>New</actionName>
        <formFactor>Large</formFactor>
        <type>Default</type>
    </actionOverrides>
    <actionOverrides>
        <actionName>New</actionName>
        <formFactor>Small</formFactor>
        <type>Default</type>
    </actionOverrides>
    <actionOverrides>
        <actionName>SaveEdit</actionName>
        <type>Default</type>
    </actionOverrides>
    <actionOverrides>
        <actionName>SaveEdit</actionName>
        <formFactor>Large</formFactor>
        <type>Default</type>
    </actionOverrides>
    <actionOverrides>
        <actionName>SaveEdit</actionName>
        <formFactor>Small</formFactor>
        <type>Default</type>
    </actionOverrides>
    <actionOverrides>
        <actionName>Tab</actionName>
        <type>Default</type>
    </actionOverrides>
    <actionOverrides>
        <actionName>Tab</actionName>
        <formFactor>Large</formFactor>
        <type>Default</type>
    </actionOverrides>
    <actionOverrides>
        <actionName>Tab</actionName>
        <formFactor>Small</formFactor>
        <type>Default</type>
    </actionOverrides>
    <actionOverrides>
        <actionName>View</actionName>
        <type>Default</type>
    </actionOverrides>
    <actionOverrides>
        <actionName>View</actionName>
        <formFactor>Large</formFactor>
        <type>Default</type>
    </actionOverrides>
    <actionOverrides>
        <actionName>View</actionName>
        <formFactor>Small</formFactor>
        <type>Default</type>
    </actionOverrides>
    <allowInChatterGroups>false</allowInChatterGroups>
    <compactLayoutAssignment>SYSTEM</compactLayoutAssignment>
    <deploymentStatus>Deployed</deploymentStatus>
    <enableActivities>false</enableActivities>
    <enableBulkApi>true</enableBulkApi>
    <enableEnhancedLookup>true</enableEnhancedLookup>
    <enableFeeds>false</enableFeeds>
    <enableHistory>false</enableHistory>
    <enableLicensing>false</enableLicensing>
    <enableReports>false</enableReports>
    <enableSearch>true</enableSearch>
    <enableSharing>true</enableSharing>
    <enableStreamingApi>true</enableStreamingApi>
    <externalSharingModel>ControlledByParent</externalSharingModel>
    <label>Loyalty Card</label>
    <nameField>
        <label>Loyalty Card</label>
        <type>Text</type>
    </nameField>
    <pluralLabel>Loyalty Cards</pluralLabel>
    <searchLayouts>
        <customTabListAdditionalFields>Active_Points__c</customTabListAdditionalFields>
        <customTabListAdditionalFields>Start_date__c</customTabListAdditionalFields>
        <customTabListAdditionalFields>Expiration_Date__c</customTabListAdditionalFields>
        <customTabListAdditionalFields>Status__c</customTabListAdditionalFields>
        <searchFilterFields>NAME</searchFilterFields>
        <searchFilterFields>Customer__c</searchFilterFields>
        <searchFilterFields>Start_date__c</searchFilterFields>
        <searchFilterFields>Expiration_Date__c</searchFilterFields>
        <searchFilterFields>Active_Points__c</searchFilterFields>
        <searchFilterFields>Status__c</searchFilterFields>
        <searchResultsAdditionalFields>Customer__c</searchResultsAdditionalFields>
        <searchResultsAdditionalFields>Loyalty_Program__c</searchResultsAdditionalFields>
        <searchResultsAdditionalFields>Active_Points__c</searchResultsAdditionalFields>
        <searchResultsAdditionalFields>Contact__c</searchResultsAdditionalFields>
        <searchResultsAdditionalFields>Start_date__c</searchResultsAdditionalFields>
        <searchResultsAdditionalFields>Expiration_Date__c</searchResultsAdditionalFields>
        <searchResultsAdditionalFields>CREATED_DATE</searchResultsAdditionalFields>
        <searchResultsAdditionalFields>Status__c</searchResultsAdditionalFields>
        <searchResultsAdditionalFields>Active__c</searchResultsAdditionalFields>
    </searchLayouts>
    <sharingModel>ControlledByParent</sharingModel>
    <visibility>Public</visibility>
</CustomObject>
