<?xml version="1.0" encoding="UTF-8"?>
<ValidationRule xmlns="http://soap.sforce.com/2006/04/metadata">
    <fullName>Prevent_Record_from_Editing</fullName>
    <active>false</active>
    <errorConditionFormula>AND(OR(ISCHANGED( Account__c),
ISCHANGED( Amount__c),
ISCHANGED( Approved__c),
ISCHANGED( Bill_Date__c),
ISCHANGED( Name),
ISCHANGED( Cost_Centre_Unit__c),
ISCHANGED( Credit_s_Used__c),
ISCHANGED(Due_Date__c),
ISCHANGED( Matched__c),
ISCHANGED( Company__c),
ISCHANGED( PO_Name__c),
ISCHANGED( Posting_Date__c),
ISCHANGED( Prepayment__c),
ISCHANGED( Purchase_Order__c),
ISCHANGED(Received_date__c),
ISCHANGED( Status__c),
ISCHANGED( Tax_Percent__c),
ISCHANGED( TDS_Amount__c),
ISCHANGED( Total_Amount__c),
ISCHANGED( Type__c),
ISCHANGED( VAT_TAX_Amount__c),
ISCHANGED( Vendor__c),
ISCHANGED( Vendor_Address__c),
ISCHANGED( Vendor_Bill_Date__c),
ISCHANGED( Vendor_Bill_Number__c),
ISCHANGED( Vendor_Contact__c)
),NOT(ISCHANGED(Posted__c )) , Posted__c = true)</errorConditionFormula>
    <errorMessage>Please Un-post the bill to manage it</errorMessage>
</ValidationRule>
