<?xml version="1.0" encoding="UTF-8"?>
<CustomField xmlns="http://soap.sforce.com/2006/04/metadata">
    <fullName>Forecast_Plan__c</fullName>
    <externalId>false</externalId>
    <label>Forecast Plan</label>
    <referenceTo>Forecast_Plan__c</referenceTo>
    <relationshipLabel>Forecast Items</relationshipLabel>
    <relationshipName>Forecast_Items</relationshipName>
    <relationshipOrder>0</relationshipOrder>
    <reparentableMasterDetail>false</reparentableMasterDetail>
    <trackHistory>false</trackHistory>
    <trackTrending>false</trackTrending>
    <type>MasterDetail</type>
    <writeRequiresMasterRead>false</writeRequiresMasterRead>
</CustomField>
