<?xml version="1.0" encoding="UTF-8"?>
<CustomApplication xmlns="http://soap.sforce.com/2006/04/metadata">
    <brand>
        <headerColor>#0070D2</headerColor>
        <shouldOverrideOrgTheme>false</shouldOverrideOrgTheme>
    </brand>
    <formFactors>Small</formFactors>
    <formFactors>Large</formFactors>
    <isNavAutoTempTabsDisabled>false</isNavAutoTempTabsDisabled>
    <isNavPersonalizationDisabled>false</isNavPersonalizationDisabled>
    <label>Logistics</label>
    <navType>Standard</navType>
    <tabs>standard-Account</tabs>
    <tabs>Inbound_Receive_Logistics</tabs>
    <tabs>Outbound_Logistics</tabs>
    <tabs>Create_Purchase_Order</tabs>
    <tabs>Create_Purchase_Orders</tabs>
    <tabs>Create_Transfer_Order</tabs>
    <tabs>Stock_Transfer</tabs>
    <tabs>Stock_Take</tabs>
    <tabs>RMA</tabs>
    <tabs>Purchase_Orders_To_Logistic</tabs>
    <tabs>Address__c</tabs>
    <tabs>Bill__c</tabs>
    <tabs>Chart_of_Accounts__c</tabs>
    <tabs>Distribution_Channel__c</tabs>
    <tabs>Batch__c</tabs>
    <tabs>Package__c</tabs>
    <tabs>Return_Merchandise_Authorisation__c</tabs>
    <tabs>Serial_Number__c</tabs>
    <tabs>Shipment__c</tabs>
    <tabs>Site__c</tabs>
    <tabs>Stock_Inward_Line_Item__c</tabs>
    <tabs>Stock_Outward_Line_Item__c</tabs>
    <tabs>Stock_Take__c</tabs>
    <tabs>Transfer_Order__c</tabs>
    <uiType>Lightning</uiType>
</CustomApplication>
