<?xml version="1.0" encoding="UTF-8"?>
<CustomField xmlns="http://soap.sforce.com/2006/04/metadata">
    <fullName>Bank_Reconciliation__c</fullName>
    <deleteConstraint>SetNull</deleteConstraint>
    <externalId>false</externalId>
    <label>Bank Reconciliation</label>
    <referenceTo>Bank_Reconciliation__c</referenceTo>
    <relationshipLabel>Bank Statements</relationshipLabel>
    <relationshipName>Bank_Statements</relationshipName>
    <required>false</required>
    <trackHistory>false</trackHistory>
    <trackTrending>false</trackTrending>
    <type>Lookup</type>
</CustomField>
