<?xml version="1.0" encoding="UTF-8"?>
<CustomField xmlns="http://soap.sforce.com/2006/04/metadata">
    <fullName>Status__c</fullName>
    <externalId>false</externalId>
    <label>Status</label>
    <required>false</required>
    <trackHistory>false</trackHistory>
    <trackTrending>false</trackTrending>
    <type>Picklist</type>
    <valueSet>
        <valueSetDefinition>
            <sorted>false</sorted>
            <value>
                <fullName>UnReconciled</fullName>
                <default>false</default>
                <label>UnReconciled</label>
            </value>
            <value>
                <fullName>Reconciled</fullName>
                <default>false</default>
                <label>Reconciled</label>
            </value>
        </valueSetDefinition>
    </valueSet>
</CustomField>
