<?xml version="1.0" encoding="UTF-8"?>
<CustomField xmlns="http://soap.sforce.com/2006/04/metadata">
    <fullName>Transaction_Mode__c</fullName>
    <externalId>false</externalId>
    <label>Transaction Mode</label>
    <required>false</required>
    <trackHistory>false</trackHistory>
    <trackTrending>false</trackTrending>
    <type>Picklist</type>
    <valueSet>
        <valueSetDefinition>
            <sorted>false</sorted>
            <value>
                <fullName>NET BANKING</fullName>
                <default>false</default>
                <label>NET BANKING</label>
            </value>
            <value>
                <fullName>CHEQUE</fullName>
                <default>false</default>
                <label>CHEQUE</label>
            </value>
            <value>
                <fullName>CASH</fullName>
                <default>false</default>
                <label>CASH</label>
            </value>
            <value>
                <fullName>OTHERS</fullName>
                <default>false</default>
                <label>OTHERS</label>
            </value>
        </valueSetDefinition>
    </valueSet>
</CustomField>
