<?xml version="1.0" encoding="UTF-8"?>
<CustomField xmlns="http://soap.sforce.com/2006/04/metadata">
    <fullName>Bank_Reconciliation__c</fullName>
    <externalId>false</externalId>
    <label>Bank Reconciliation</label>
    <referenceTo>Bank_Reconciliation__c</referenceTo>
    <relationshipLabel>Bank Transactions</relationshipLabel>
    <relationshipName>Bank_Transactions</relationshipName>
    <relationshipOrder>0</relationshipOrder>
    <reparentableMasterDetail>false</reparentableMasterDetail>
    <trackHistory>false</trackHistory>
    <trackTrending>false</trackTrending>
    <type>MasterDetail</type>
    <writeRequiresMasterRead>false</writeRequiresMasterRead>
</CustomField>
