<?xml version="1.0" encoding="UTF-8"?>
<CustomField xmlns="http://soap.sforce.com/2006/04/metadata">
    <fullName>Finance_General_Ledger_Entry__c</fullName>
    <deleteConstraint>SetNull</deleteConstraint>
    <externalId>false</externalId>
    <label>Finance General Ledger Entry</label>
    <referenceTo>Finance_General_Ledger_Entry__c</referenceTo>
    <relationshipLabel>Bank Transactions</relationshipLabel>
    <relationshipName>Bank_Transactions</relationshipName>
    <required>false</required>
    <trackHistory>false</trackHistory>
    <trackTrending>false</trackTrending>
    <type>Lookup</type>
</CustomField>
