<?xml version="1.0" encoding="UTF-8"?>
<CustomField xmlns="http://soap.sforce.com/2006/04/metadata">
    <fullName>Statement_Type__c</fullName>
    <externalId>false</externalId>
    <label>Statement Type</label>
    <required>false</required>
    <trackHistory>false</trackHistory>
    <trackTrending>false</trackTrending>
    <type>Picklist</type>
    <valueSet>
        <restricted>true</restricted>
        <valueSetDefinition>
            <sorted>false</sorted>
            <value>
                <fullName>Received</fullName>
                <default>false</default>
                <label>Received</label>
            </value>
            <value>
                <fullName>Spent</fullName>
                <default>false</default>
                <label>Spent</label>
            </value>
        </valueSetDefinition>
    </valueSet>
</CustomField>
