<?xml version="1.0" encoding="UTF-8"?>
<CustomField xmlns="http://soap.sforce.com/2006/04/metadata">
    <fullName>Forecast_Category__c</fullName>
    <externalId>false</externalId>
    <label>Forecast Category</label>
    <required>false</required>
    <trackHistory>false</trackHistory>
    <trackTrending>false</trackTrending>
    <type>Picklist</type>
    <valueSet>
        <restricted>true</restricted>
        <valueSetDefinition>
            <sorted>false</sorted>
            <value>
                <fullName>Sales</fullName>
                <default>false</default>
                <label>Sales</label>
            </value>
            <value>
                <fullName>Production/Supply</fullName>
                <default>false</default>
                <label>Production/Supply</label>
            </value>
        </valueSetDefinition>
    </valueSet>
</CustomField>
