<?xml version="1.0" encoding="UTF-8"?>
<CustomField xmlns="http://soap.sforce.com/2006/04/metadata">
    <fullName>Allocate_Stocks_Customer_Specific__c</fullName>
    <defaultValue>false</defaultValue>
    <description>When It is checked the user can allocate the stock only to the specific customers associated with that order</description>
    <externalId>false</externalId>
    <inlineHelpText>When It is checked the user can allocate the stock only to the specific customers associated with that order</inlineHelpText>
    <label>Allocate Stocks Customer Specific</label>
    <trackTrending>false</trackTrending>
    <type>Checkbox</type>
</CustomField>
