<?xml version="1.0" encoding="UTF-8"?>
<CustomField xmlns="http://soap.sforce.com/2006/04/metadata">
    <fullName>Apply_Discount_Tax_on_Whole_Quote__c</fullName>
    <defaultValue>false</defaultValue>
    <description>This is to hide Discount Input box, Tax Input box and Net price  on Quote Console for specific Clients those
Who don&apos;t use Tax and Discount setup from profile and not apply on Quote line items instead they Apply Tax and Discount on Whole Quote.</description>
    <externalId>false</externalId>
    <inlineHelpText>This is to hide Discount Input box, Tax Input box and Net price  on Quote Console for specific Clients those
Who don&apos;t use Tax and Discount setup from profile and not apply on Quote line items instead they Apply Tax and Discount on Whole Quote.</inlineHelpText>
    <label>Apply Discount Tax on Whole Quote</label>
    <trackTrending>false</trackTrending>
    <type>Checkbox</type>
</CustomField>
