<?xml version="1.0" encoding="UTF-8"?>
<CustomField xmlns="http://soap.sforce.com/2006/04/metadata">
    <fullName>Auto_Update_SO_Back_Order__c</fullName>
    <defaultValue>true</defaultValue>
    <description>Auto Update Sales order when Inventory is available</description>
    <externalId>false</externalId>
    <inlineHelpText>Check if want to auto Update Order stocks when Inventory is available</inlineHelpText>
    <label>Auto Update SO Back Order</label>
    <trackTrending>false</trackTrending>
    <type>Checkbox</type>
</CustomField>
