<?xml version="1.0" encoding="UTF-8"?>
<CustomField xmlns="http://soap.sforce.com/2006/04/metadata">
    <fullName>Config_Button_on_QuoteConsole__c</fullName>
    <defaultValue>false</defaultValue>
    <description>To show view config button QuoteConsole Line items.</description>
    <externalId>false</externalId>
    <inlineHelpText>To show view config button QuoteConsole Line items.</inlineHelpText>
    <label>Show Config Button on QuoteConsole</label>
    <trackTrending>false</trackTrending>
    <type>Checkbox</type>
</CustomField>
