<?xml version="1.0" encoding="UTF-8"?>
<CustomField xmlns="http://soap.sforce.com/2006/04/metadata">
    <fullName>Create_MO_for_each_QTY_serial_product__c</fullName>
    <defaultValue>false</defaultValue>
    <description>If this checkbox is enabled then scheduling the MO for the serial product will create the MO equal to the qty entered on MO.</description>
    <externalId>false</externalId>
    <label>Create MO for each QTY serial product</label>
    <trackTrending>false</trackTrending>
    <type>Checkbox</type>
</CustomField>
