<?xml version="1.0" encoding="UTF-8"?>
<CustomField xmlns="http://soap.sforce.com/2006/04/metadata">
    <fullName>Execute_SO_Auto_Stock_Allocation__c</fullName>
    <defaultValue>false</defaultValue>
    <description>Check if wants to execute custom sales order object auto stock allocation. Uncheck will execute Standard Order object auto stock allocation in Inward Trigger.</description>
    <externalId>false</externalId>
    <inlineHelpText>Check if wants to execute custom sales order object auto stock allocation. Uncheck will execute Standard Order object auto stock allocation in Inward Trigger.</inlineHelpText>
    <label>Execute SO Auto Stock Allocation</label>
    <trackTrending>false</trackTrending>
    <type>Checkbox</type>
</CustomField>
