<?xml version="1.0" encoding="UTF-8"?>
<CustomField xmlns="http://soap.sforce.com/2006/04/metadata">
    <fullName>Mark_FOC__c</fullName>
    <defaultValue>false</defaultValue>
    <description>Mark FOC Free Of Charge for Product Options on Product Configurator for(OMI).</description>
    <externalId>false</externalId>
    <inlineHelpText>Mark FOC Free Of Charge for Product Options on Product Configurator for(OMI).</inlineHelpText>
    <label>Mark FOC</label>
    <trackTrending>false</trackTrending>
    <type>Checkbox</type>
</CustomField>
