<?xml version="1.0" encoding="UTF-8"?>
<CustomField xmlns="http://soap.sforce.com/2006/04/metadata">
    <fullName>P_L_Button__c</fullName>
    <defaultValue>false</defaultValue>
    <description>By Default visible to All check it to only visible for particular User or Profile.</description>
    <externalId>false</externalId>
    <inlineHelpText>By Default visible to All check it to only visible for particular User or Profile.</inlineHelpText>
    <label>Show P&amp;L Button</label>
    <trackTrending>false</trackTrending>
    <type>Checkbox</type>
</CustomField>
