<?xml version="1.0" encoding="UTF-8"?>
<CustomField xmlns="http://soap.sforce.com/2006/04/metadata">
    <fullName>SelectedOptDynamicImg__c</fullName>
    <defaultValue>false</defaultValue>
    <description>Hide Selected Options Dynamic Images on Product Configurator.</description>
    <externalId>false</externalId>
    <inlineHelpText>Hide Selected Options Dynamic Images on Product Configurator.</inlineHelpText>
    <label>Hide SelectedOptDynamicImg</label>
    <trackTrending>false</trackTrending>
    <type>Checkbox</type>
</CustomField>
