<?xml version="1.0" encoding="UTF-8"?>
<CustomField xmlns="http://soap.sforce.com/2006/04/metadata">
    <fullName>Show_Version_based_on_order_Product__c</fullName>
    <defaultValue>false</defaultValue>
    <description>Enable this checkbox to show the version based on the order product and it&apos;s routing</description>
    <externalId>false</externalId>
    <inlineHelpText>Enable this checkbox to show the version based on the order product and it&apos;s routing</inlineHelpText>
    <label>Show Version based on order Product</label>
    <trackTrending>false</trackTrending>
    <type>Checkbox</type>
</CustomField>
