<?xml version="1.0" encoding="UTF-8"?>
<CustomField xmlns="http://soap.sforce.com/2006/04/metadata">
    <fullName>Show_Image_on_Product_Config__c</fullName>
    <defaultValue>false</defaultValue>
    <description>To control the appearance of Image in Product configurator</description>
    <externalId>false</externalId>
    <inlineHelpText>To control the appearance of Image in Product configurator</inlineHelpText>
    <label>Hide Image On Product Config</label>
    <trackTrending>false</trackTrending>
    <type>Checkbox</type>
</CustomField>
