<?xml version="1.0" encoding="UTF-8"?>
<CustomField xmlns="http://soap.sforce.com/2006/04/metadata">
    <fullName>Show_BOM_List_on_Product_Config__c</fullName>
    <defaultValue>false</defaultValue>
    <description>To control the BOMs List on Product Configurator.</description>
    <externalId>false</externalId>
    <inlineHelpText>To control the BOMs List on Product Configurator.</inlineHelpText>
    <label>Show BOM List on Product Config</label>
    <trackTrending>false</trackTrending>
    <type>Checkbox</type>
</CustomField>
