<?xml version="1.0" encoding="UTF-8"?>
<CustomField xmlns="http://soap.sforce.com/2006/04/metadata">
    <fullName>Show_Stock__c</fullName>
    <defaultValue>false</defaultValue>
    <description>Enable it for not considering stock while Quoting on QuoteConsole.</description>
    <externalId>false</externalId>
    <inlineHelpText>Enable it for not considering stock while Quoting on QuoteConsole.</inlineHelpText>
    <label>Hide Stock</label>
    <trackTrending>false</trackTrending>
    <type>Checkbox</type>
</CustomField>
