<?xml version="1.0" encoding="UTF-8"?>
<CustomField xmlns="http://soap.sforce.com/2006/04/metadata">
    <fullName>Show_Date_as_editable_in_Scheduler__c</fullName>
    <defaultValue>false</defaultValue>
    <description>Show the date as input filed and allow the user to select the future date directly instead of clicking on next</description>
    <externalId>false</externalId>
    <label>Show Date as editable in Scheduler</label>
    <trackTrending>false</trackTrending>
    <type>Checkbox</type>
</CustomField>
