<?xml version="1.0" encoding="UTF-8"?>
<CustomField xmlns="http://soap.sforce.com/2006/04/metadata">
    <fullName>Billing__c</fullName>
    <externalId>false</externalId>
    <label>Billing</label>
    <referenceTo>Billing__c</referenceTo>
    <relationshipLabel>Billing Items</relationshipLabel>
    <relationshipName>Billing_Items</relationshipName>
    <relationshipOrder>0</relationshipOrder>
    <reparentableMasterDetail>false</reparentableMasterDetail>
    <trackTrending>false</trackTrending>
    <type>MasterDetail</type>
    <writeRequiresMasterRead>false</writeRequiresMasterRead>
</CustomField>
