<?xml version="1.0" encoding="UTF-8"?>
<CustomField xmlns="http://soap.sforce.com/2006/04/metadata">
    <fullName>BOM_Component__c</fullName>
    <deleteConstraint>SetNull</deleteConstraint>
    <externalId>false</externalId>
    <label>BOM Component</label>
    <referenceTo>Product2</referenceTo>
    <relationshipLabel>Supporting BOMs</relationshipLabel>
    <relationshipName>Supporting_BOMs</relationshipName>
    <required>false</required>
    <trackHistory>false</trackHistory>
    <trackTrending>false</trackTrending>
    <type>Lookup</type>
</CustomField>
