<?xml version="1.0" encoding="UTF-8"?>
<CustomField xmlns="http://soap.sforce.com/2006/04/metadata">
    <fullName>Type__c</fullName>
    <externalId>false</externalId>
    <label>Type</label>
    <required>false</required>
    <trackHistory>false</trackHistory>
    <trackTrending>false</trackTrending>
    <type>Picklist</type>
    <valueSet>
        <restricted>true</restricted>
        <valueSetDefinition>
            <sorted>false</sorted>
            <value>
                <fullName>Manufacturing</fullName>
                <default>true</default>
                <label>Manufacturing</label>
            </value>
            <value>
                <fullName>Kit</fullName>
                <default>false</default>
                <label>Kit</label>
            </value>
        </valueSetDefinition>
    </valueSet>
</CustomField>
