<?xml version="1.0" encoding="UTF-8"?>
<CustomField xmlns="http://soap.sforce.com/2006/04/metadata">
    <fullName>Amount_Due__c</fullName>
    <formula>Total_Amount__c  -  (  Amount_Paid__c  +  Credit_s_Used__c  )</formula>
    <formulaTreatBlanksAs>BlankAsZero</formulaTreatBlanksAs>
    <label>Not Vouchered Amount</label>
    <precision>18</precision>
    <required>false</required>
    <scale>2</scale>
    <trackHistory>false</trackHistory>
    <trackTrending>false</trackTrending>
    <type>Currency</type>
</CustomField>
