<?xml version="1.0" encoding="UTF-8"?>
<CustomField xmlns="http://soap.sforce.com/2006/04/metadata">
    <fullName>Department__c</fullName>
    <deleteConstraint>SetNull</deleteConstraint>
    <label>Department</label>
    <referenceTo>Business_Unit__c</referenceTo>
    <relationshipLabel>Bills (Department)</relationshipLabel>
    <relationshipName>Bills1</relationshipName>
    <required>false</required>
    <trackHistory>false</trackHistory>
    <trackTrending>false</trackTrending>
    <type>Lookup</type>
</CustomField>
