<?xml version="1.0" encoding="UTF-8"?>
<CustomField xmlns="http://soap.sforce.com/2006/04/metadata">
    <fullName>Due_Date_Days__c</fullName>
    <externalId>false</externalId>
    <formula>IF( Amount_Due__c  &gt; 0,  Due_Date__c  -  TODAY() ,  DATEVALUE(LastModifiedDate ) -  Bill_Date__c  )</formula>
    <formulaTreatBlanksAs>BlankAsZero</formulaTreatBlanksAs>
    <label>Due Date Days</label>
    <precision>18</precision>
    <required>false</required>
    <scale>0</scale>
    <trackHistory>false</trackHistory>
    <trackTrending>false</trackTrending>
    <type>Number</type>
    <unique>false</unique>
</CustomField>
