<?xml version="1.0" encoding="UTF-8"?>
<CustomField xmlns="http://soap.sforce.com/2006/04/metadata">
    <fullName>Paid_Amount__c</fullName>
    <label>Paid Amount</label>
    <summarizedField>Payment_Applied_on_Bill__c.Amount__c</summarizedField>
    <summaryFilterItems>
        <field>Payment_Applied_on_Bill__c.Type__c</field>
        <operation>equals</operation>
        <value>Credit</value>
    </summaryFilterItems>
    <summaryForeignKey>Payment_Applied_on_Bill__c.Bill__c</summaryForeignKey>
    <summaryOperation>sum</summaryOperation>
    <trackHistory>false</trackHistory>
    <trackTrending>false</trackTrending>
    <type>Summary</type>
</CustomField>
