<?xml version="1.0" encoding="UTF-8"?>
<CustomField xmlns="http://soap.sforce.com/2006/04/metadata">
    <fullName>Purchase_Order__c</fullName>
    <deleteConstraint>SetNull</deleteConstraint>
    <label>Purchase Order</label>
    <lookupFilter>
        <active>true</active>
        <filterItems>
            <field>PO__c.Company__c</field>
            <operation>equals</operation>
            <valueField>$Source.Account__c</valueField>
        </filterItems>
        <isOptional>true</isOptional>
    </lookupFilter>
    <referenceTo>PO__c</referenceTo>
    <relationshipLabel>Bills</relationshipLabel>
    <relationshipName>Bills</relationshipName>
    <required>false</required>
    <trackHistory>false</trackHistory>
    <trackTrending>false</trackTrending>
    <type>Lookup</type>
</CustomField>
