<?xml version="1.0" encoding="UTF-8"?>
<CustomField xmlns="http://soap.sforce.com/2006/04/metadata">
    <fullName>Reconciled_Quantity__c</fullName>
    <label>Reconciled Quantity</label>
    <summarizedField>Bill_Line_Item__c.Reconciled_Quantity__c</summarizedField>
    <summaryForeignKey>Bill_Line_Item__c.Bill__c</summaryForeignKey>
    <summaryOperation>sum</summaryOperation>
    <trackHistory>false</trackHistory>
    <trackTrending>false</trackTrending>
    <type>Summary</type>
</CustomField>
