<?xml version="1.0" encoding="UTF-8"?>
<CustomField xmlns="http://soap.sforce.com/2006/04/metadata">
    <fullName>Status__c</fullName>
    <label>Status</label>
    <required>false</required>
    <trackHistory>false</trackHistory>
    <trackTrending>false</trackTrending>
    <type>Picklist</type>
    <valueSet>
        <valueSetDefinition>
            <sorted>false</sorted>
            <value>
                <fullName>New</fullName>
                <default>false</default>
                <label>New</label>
            </value>
            <value>
                <fullName>Reconciled</fullName>
                <default>false</default>
                <label>Reconciled</label>
            </value>
            <value>
                <fullName>Closed</fullName>
                <default>false</default>
                <label>Closed</label>
            </value>
            <value>
                <fullName>Paid</fullName>
                <default>false</default>
                <label>Paid</label>
            </value>
            <value>
                <fullName>Cancelled</fullName>
                <default>false</default>
                <label>Cancelled</label>
            </value>
            <value>
                <fullName>On Hold</fullName>
                <default>false</default>
                <label>On Hold</label>
            </value>
            <value>
                <fullName>Approval Required</fullName>
                <default>false</default>
                <label>Approval Required</label>
            </value>
            <value>
                <fullName>Approved</fullName>
                <default>false</default>
                <label>Approved</label>
            </value>
        </valueSetDefinition>
    </valueSet>
</CustomField>
