<?xml version="1.0" encoding="UTF-8"?>
<CustomField xmlns="http://soap.sforce.com/2006/04/metadata">
    <fullName>Vendor_Contact__c</fullName>
    <deleteConstraint>SetNull</deleteConstraint>
    <label>Vendor Contact</label>
    <lookupFilter>
        <active>true</active>
        <filterItems>
            <field>Contact.AccountId</field>
            <operation>equals</operation>
            <valueField>$Source.Vendor__c</valueField>
        </filterItems>
        <isOptional>true</isOptional>
    </lookupFilter>
    <referenceTo>Contact</referenceTo>
    <relationshipLabel>Bills</relationshipLabel>
    <relationshipName>Contact_Bills</relationshipName>
    <required>false</required>
    <trackHistory>false</trackHistory>
    <trackTrending>false</trackTrending>
    <type>Lookup</type>
</CustomField>
