<?xml version="1.0" encoding="UTF-8"?>
<CustomField xmlns="http://soap.sforce.com/2006/04/metadata">
    <fullName>Vendor__c</fullName>
    <deleteConstraint>SetNull</deleteConstraint>
    <label>Vendor</label>
    <lookupFilter>
        <active>true</active>
        <filterItems>
            <field>Account.Account_Type__c</field>
            <operation>equals</operation>
            <value>Vendor, Supplier, Customer / Supplier, Partner / Supplier, Customer / Partner / Supplier</value>
        </filterItems>
        <isOptional>true</isOptional>
    </lookupFilter>
    <referenceTo>Account</referenceTo>
    <relationshipLabel>Bills (Vendor)</relationshipLabel>
    <relationshipName>Vendor_Bills</relationshipName>
    <required>false</required>
    <trackHistory>false</trackHistory>
    <trackTrending>false</trackTrending>
    <type>Lookup</type>
</CustomField>
