<?xml version="1.0" encoding="UTF-8"?>
<WebLink xmlns="http://soap.sforce.com/2006/04/metadata">
    <fullName>Generate_Purchase_Order_PDF</fullName>
    <availability>online</availability>
    <displayType>button</displayType>
    <encodingKey>UTF-8</encodingKey>
    <height>600</height>
    <linkType>url</linkType>
    <masterLabel>Purchase Order Document</masterLabel>
    <openType>noSidebar</openType>
    <protected>false</protected>
    <url>/apex/PurchaseOrderPDF?Id={!URLENCODE(PO__c.Id)}&amp;CustId={!URLENCODE(PO__c.Vendor_ContactId__c)}</url>
</WebLink>
