<?xml version="1.0" encoding="UTF-8"?>
<CustomField xmlns="http://soap.sforce.com/2006/04/metadata">
    <fullName>RFPS_Plan_Requirement__c</fullName>
    <deleteConstraint>SetNull</deleteConstraint>
    <externalId>false</externalId>
    <label>Request Plan Requirement</label>
    <referenceTo>Requirement__c</referenceTo>
    <relationshipLabel>Requirement (Request Plan Requirement)</relationshipLabel>
    <relationshipName>Requirements</relationshipName>
    <required>false</required>
    <trackHistory>false</trackHistory>
    <trackTrending>false</trackTrending>
    <type>Lookup</type>
</CustomField>
