<?xml version="1.0" encoding="UTF-8"?>
<CustomField xmlns="http://soap.sforce.com/2006/04/metadata">
    <fullName>Sub_Section__c</fullName>
    <deleteConstraint>Restrict</deleteConstraint>
    <externalId>false</externalId>
    <label>Sub Section</label>
    <lookupFilter>
        <active>true</active>
        <filterItems>
            <field>Section__c.Main_Section__c</field>
            <operation>equals</operation>
            <valueField>$Source.Section__c</valueField>
        </filterItems>
        <isOptional>true</isOptional>
    </lookupFilter>
    <referenceTo>Section__c</referenceTo>
    <relationshipLabel>Requirement (Sub Section)</relationshipLabel>
    <relationshipName>RequirementSs1</relationshipName>
    <required>false</required>
    <trackHistory>false</trackHistory>
    <trackTrending>false</trackTrending>
    <type>Lookup</type>
</CustomField>
