<?xml version="1.0" encoding="UTF-8"?>
<CustomField xmlns="http://soap.sforce.com/2006/04/metadata">
    <fullName>Voucher__c</fullName>
    <deleteConstraint>SetNull</deleteConstraint>
    <label>Voucher</label>
    <referenceTo>Voucher__c</referenceTo>
    <relationshipLabel>Debit Note Applied on Vouchers</relationshipLabel>
    <relationshipName>Debit_Note_Applied_on_Vouchers</relationshipName>
    <required>false</required>
    <trackTrending>false</trackTrending>
    <type>Lookup</type>
</CustomField>
