<?xml version="1.0" encoding="UTF-8"?>
<GlobalValueSet xmlns="http://soap.sforce.com/2006/04/metadata">
    <customValue>
        <fullName>Red</fullName>
        <default>false</default>
        <label>Red</label>
    </customValue>
    <customValue>
        <fullName>Blue</fullName>
        <default>false</default>
        <label>Blue</label>
    </customValue>
    <customValue>
        <fullName>Green</fullName>
        <default>false</default>
        <label>Green</label>
    </customValue>
    <customValue>
        <fullName>White</fullName>
        <default>false</default>
        <label>White</label>
    </customValue>
    <masterLabel>Colour</masterLabel>
    <sorted>false</sorted>
</GlobalValueSet>
