<?xml version="1.0" encoding="UTF-8"?>
<GlobalValueSet xmlns="http://soap.sforce.com/2006/04/metadata">
    <customValue>
        <fullName>United Kingdom</fullName>
        <default>false</default>
        <label>United Kingdom</label>
    </customValue>
    <customValue>
        <fullName>United States</fullName>
        <default>false</default>
        <label>United States</label>
    </customValue>
    <customValue>
        <fullName>Germany</fullName>
        <default>false</default>
        <label>Germany</label>
    </customValue>
    <customValue>
        <fullName>France</fullName>
        <default>false</default>
        <label>France</label>
    </customValue>
    <customValue>
        <fullName>Canada</fullName>
        <default>false</default>
        <label>Canada</label>
    </customValue>
    <masterLabel>Country</masterLabel>
    <sorted>false</sorted>
</GlobalValueSet>
