<?xml version="1.0" encoding="UTF-8"?>
<GlobalValueSet xmlns="http://soap.sforce.com/2006/04/metadata">
    <customValue>
        <fullName>--None--</fullName>
        <default>false</default>
        <label>--None--</label>
    </customValue>
    <customValue>
        <fullName>UPS Express Plus</fullName>
        <default>false</default>
        <label>UPS Express Plus</label>
    </customValue>
    <customValue>
        <fullName>UPS Ground</fullName>
        <default>false</default>
        <label>UPS Ground</label>
    </customValue>
    <customValue>
        <fullName>UPS Worldwide Save</fullName>
        <default>false</default>
        <label>UPS Worldwide Save</label>
    </customValue>
    <customValue>
        <fullName>UPS Worldwide Express</fullName>
        <default>false</default>
        <label>UPS Worldwide Express</label>
    </customValue>
    <customValue>
        <fullName>UPS Expedited</fullName>
        <default>false</default>
        <label>UPS Expedited</label>
    </customValue>
    <customValue>
        <fullName>UPS 3 Day Select</fullName>
        <default>false</default>
        <label>UPS 3 Day Select</label>
    </customValue>
    <customValue>
        <fullName>UPS 2nd Day Air</fullName>
        <default>false</default>
        <label>UPS 2nd Day Air</label>
    </customValue>
    <customValue>
        <fullName>UPS 2nd Day Air A.M.</fullName>
        <default>false</default>
        <label>UPS 2nd Day Air A.M.</label>
    </customValue>
    <customValue>
        <fullName>UPS Next Day Air Saver</fullName>
        <default>false</default>
        <label>UPS Next Day Air Saver</label>
    </customValue>
    <customValue>
        <fullName>UPS Next Day Air</fullName>
        <default>false</default>
        <label>UPS Next Day Air</label>
    </customValue>
    <customValue>
        <fullName>UPS Next Day Air® Early</fullName>
        <default>false</default>
        <label>UPS Next Day Air® Early</label>
    </customValue>
    <customValue>
        <fullName>UPS Worldwide Express Plus</fullName>
        <default>false</default>
        <label>UPS Worldwide Express Plus</label>
    </customValue>
    <customValue>
        <fullName>UPS Worldwide Express Freight</fullName>
        <default>false</default>
        <label>UPS Worldwide Express Freight</label>
    </customValue>
    <customValue>
        <fullName>UPS Worldwide Express Freight Midday</fullName>
        <default>false</default>
        <label>UPS Worldwide Express Freight Midday</label>
    </customValue>
    <customValue>
        <fullName>UPS Worldwide Express Saver</fullName>
        <default>false</default>
        <label>UPS Worldwide Express Saver</label>
    </customValue>
    <customValue>
        <fullName>UPS Worldwide Expedited</fullName>
        <default>false</default>
        <label>UPS Worldwide Expedited</label>
    </customValue>
    <customValue>
        <fullName>FedEx Ground</fullName>
        <default>false</default>
        <label>FedEx Ground</label>
    </customValue>
    <customValue>
        <fullName>FedEx Home Delivery</fullName>
        <default>false</default>
        <label>FedEx Home Delivery</label>
    </customValue>
    <customValue>
        <fullName>FedEx International Ground</fullName>
        <default>false</default>
        <label>FedEx International Ground</label>
    </customValue>
    <customValue>
        <fullName>FedEx First Overnight</fullName>
        <default>false</default>
        <label>FedEx First Overnight</label>
    </customValue>
    <customValue>
        <fullName>FedEx Priority Overnight</fullName>
        <default>false</default>
        <label>FedEx Priority Overnight</label>
    </customValue>
    <customValue>
        <fullName>FedEx Standard Overnight</fullName>
        <default>false</default>
        <label>FedEx Standard Overnight</label>
    </customValue>
    <customValue>
        <fullName>FedEx 2Day® A.M.</fullName>
        <default>false</default>
        <label>FedEx 2Day® A.M.</label>
    </customValue>
    <customValue>
        <fullName>FedEx 2Day</fullName>
        <default>false</default>
        <label>FedEx 2Day</label>
    </customValue>
    <customValue>
        <fullName>FedEx International Priority</fullName>
        <default>false</default>
        <label>FedEx International Priority</label>
    </customValue>
    <customValue>
        <fullName>FedEx International Economy</fullName>
        <default>false</default>
        <label>FedEx International Economy</label>
    </customValue>
    <customValue>
        <fullName>FedEx International First</fullName>
        <default>false</default>
        <label>FedEx International First</label>
    </customValue>
    <customValue>
        <fullName>Priority Mail Express</fullName>
        <default>false</default>
        <label>Priority Mail Express</label>
    </customValue>
    <customValue>
        <fullName>Priority Mail</fullName>
        <default>false</default>
        <label>Priority Mail</label>
    </customValue>
    <customValue>
        <fullName>USPS Retail Ground</fullName>
        <default>false</default>
        <label>USPS Retail Ground</label>
    </customValue>
    <customValue>
        <fullName>Media Mail</fullName>
        <default>false</default>
        <label>Media Mail</label>
    </customValue>
    <customValue>
        <fullName>First-Class Mail</fullName>
        <default>false</default>
        <label>First-Class Mail</label>
    </customValue>
    <customValue>
        <fullName>First-Class Package Service</fullName>
        <default>false</default>
        <label>First-Class Package Service</label>
    </customValue>
    <customValue>
        <fullName>Global Express Guaranteed</fullName>
        <default>false</default>
        <label>Global Express Guaranteed</label>
    </customValue>
    <customValue>
        <fullName>Priority Mail Express International</fullName>
        <default>false</default>
        <label>Priority Mail Express International</label>
    </customValue>
    <customValue>
        <fullName>Priority Mail International</fullName>
        <default>false</default>
        <label>Priority Mail International</label>
    </customValue>
    <customValue>
        <fullName>First-Class Package International Service</fullName>
        <default>false</default>
        <label>First-Class Package International Service</label>
    </customValue>
    <customValue>
        <fullName>DHL Express</fullName>
        <default>false</default>
        <label>DHL Express</label>
    </customValue>
    <customValue>
        <fullName>DHL Same Day</fullName>
        <default>false</default>
        <label>DHL Same Day</label>
    </customValue>
    <masterLabel>Shipment Preference/Speed</masterLabel>
    <sorted>false</sorted>
</GlobalValueSet>
