<?xml version="1.0" encoding="UTF-8"?>
<CustomField xmlns="http://soap.sforce.com/2006/04/metadata">
    <fullName>Bill_Of_Material__c</fullName>
    <deleteConstraint>SetNull</deleteConstraint>
    <externalId>false</externalId>
    <label>Bill Of Material</label>
    <lookupFilter>
        <active>true</active>
        <filterItems>
            <field>BOM_Line_Item__c.BOM_Product__c</field>
            <operation>equals</operation>
            <valueField>$Source.Product__c</valueField>
        </filterItems>
        <filterItems>
            <field>BOM_Line_Item__c.Product_Feature__c</field>
            <operation>equals</operation>
            <valueField>$Source.Product_Feature__c</valueField>
        </filterItems>
        <isOptional>true</isOptional>
    </lookupFilter>
    <referenceTo>BOM_Line_Item__c</referenceTo>
    <relationshipLabel>BOM Variances</relationshipLabel>
    <relationshipName>BOM_Variances</relationshipName>
    <required>false</required>
    <trackHistory>false</trackHistory>
    <trackTrending>false</trackTrending>
    <type>Lookup</type>
</CustomField>
