<?xml version="1.0" encoding="UTF-8"?>
<CustomField xmlns="http://soap.sforce.com/2006/04/metadata">
    <fullName>BOM_Variance__c</fullName>
    <deleteConstraint>SetNull</deleteConstraint>
    <externalId>false</externalId>
    <label>BOM Variance</label>
    <referenceTo>BOM_Line_Item__c</referenceTo>
    <relationshipLabel>BOM Variances (BOM Variance)</relationshipLabel>
    <relationshipName>BOM_Variances1</relationshipName>
    <required>false</required>
    <trackHistory>false</trackHistory>
    <trackTrending>false</trackTrending>
    <type>Lookup</type>
</CustomField>
