<?xml version="1.0" encoding="UTF-8"?>
<CustomField xmlns="http://soap.sforce.com/2006/04/metadata">
    <fullName>Type__c</fullName>
    <externalId>false</externalId>
    <label>Type</label>
    <required>false</required>
    <trackHistory>false</trackHistory>
    <trackTrending>false</trackTrending>
    <type>Picklist</type>
    <valueSet>
        <restricted>true</restricted>
        <valueSetDefinition>
            <sorted>false</sorted>
            <value>
                <fullName>Alternative</fullName>
                <default>false</default>
                <label>Alternative</label>
            </value>
            <value>
                <fullName>Replacement</fullName>
                <default>false</default>
                <label>Replacement</label>
            </value>
            <value>
                <fullName>Add On</fullName>
                <default>false</default>
                <label>Add On</label>
            </value>
        </valueSetDefinition>
    </valueSet>
</CustomField>
