<?xml version="1.0" encoding="UTF-8"?>
<CustomApplication xmlns="http://soap.sforce.com/2006/04/metadata">
    <brand>
        <headerColor>#1589EE</headerColor>
        <shouldOverrideOrgTheme>false</shouldOverrideOrgTheme>
    </brand>
    <formFactors>Small</formFactors>
    <formFactors>Large</formFactors>
    <isNavAutoTempTabsDisabled>false</isNavAutoTempTabsDisabled>
    <isNavPersonalizationDisabled>false</isNavPersonalizationDisabled>
    <isNavTabPersistenceDisabled>false</isNavTabPersistenceDisabled>
    <label>Manufacturing</label>
    <navType>Standard</navType>
    <tabs>Work_Center_Capacity_Planning</tabs>
    <tabs>MO_Product_Configuration</tabs>
    <tabs>Manufacturing_Builder</tabs>
    <tabs>Schedular</tabs>
    <tabs>Work_Center__c</tabs>
    <!--<tabs>Address__c</tabs>
    <tabs>Distribution_Channel__c</tabs>
    <tabs>Manufacturing_Order__c</tabs>
    <tabs>Project__c</tabs>
    <tabs>Resource__c</tabs>
    <tabs>Leave_Request__c</tabs>
    <tabs>Leave_Entitlements_Holidays__c</tabs>
    <tabs>Timesheet__c</tabs>
    <tabs>Cart__c</tabs>
    <tabs>Checklist__c</tabs>
    <tabs>Tax__c</tabs>
    <tabs>Position__c</tabs>
    <tabs>CTC_Component__c</tabs>
    <tabs>Employee_Pay__c</tabs>
    <tabs>Job_Applicant__c</tabs>
    <tabs>Interview__c</tabs>
    <tabs>Process__c</tabs>
    <tabs>COA_Mapping__c</tabs>
    <tabs>Requisition__c</tabs>
    <tabs>Accounting_Period__c</tabs>
    <tabs>Bank_Reconciliation__c</tabs>
    <tabs>Namespace_Change</tabs>
    <tabs>Expense__c</tabs>
    <tabs>Inventory_Stock__c</tabs>
    <tabs>Credit_Note__c</tabs>
    <tabs>Debit_Note__c</tabs>
    <tabs>Payment__c</tabs>
    <tabs>Transaction__c</tabs>-->
    <uiType>Lightning</uiType>
</CustomApplication>
