<?xml version="1.0" encoding="UTF-8"?>
<CustomField xmlns="http://soap.sforce.com/2006/04/metadata">
    <fullName>Customer__c</fullName>
    <externalId>false</externalId>
    <label>Customer</label>
    <lookupFilter>
        <active>true</active>
        <filterItems>
            <field>Account.Account_Type__c</field>
            <operation>equals</operation>
            <value>Customer, Customer / Partner, Customer / Supplier, Customer / Partner / Supplier</value>
        </filterItems>
        <isOptional>true</isOptional>
    </lookupFilter>
    <referenceTo>Account</referenceTo>
    <relationshipLabel>Dunning</relationshipLabel>
    <relationshipName>Dunning</relationshipName>
    <relationshipOrder>0</relationshipOrder>
    <reparentableMasterDetail>false</reparentableMasterDetail>
    <trackTrending>false</trackTrending>
    <type>MasterDetail</type>
    <writeRequiresMasterRead>false</writeRequiresMasterRead>
</CustomField>
