<?xml version="1.0" encoding="UTF-8"?>
<CustomField xmlns="http://soap.sforce.com/2006/04/metadata">
    <fullName>Invoice__c</fullName>
    <externalId>false</externalId>
    <label>Invoice</label>
    <lookupFilter>
        <active>true</active>
        <filterItems>
            <field>Invoice__c.Paid__c</field>
            <operation>notEqual</operation>
            <value>True</value>
        </filterItems>
        <isOptional>true</isOptional>
    </lookupFilter>
    <referenceTo>Invoice__c</referenceTo>
    <relationshipLabel>Dunning</relationshipLabel>
    <relationshipName>Dunning</relationshipName>
    <relationshipOrder>1</relationshipOrder>
    <reparentableMasterDetail>false</reparentableMasterDetail>
    <trackTrending>false</trackTrending>
    <type>MasterDetail</type>
    <writeRequiresMasterRead>false</writeRequiresMasterRead>
</CustomField>
