<?xml version="1.0" encoding="UTF-8"?>
<CustomField xmlns="http://soap.sforce.com/2006/04/metadata">
    <fullName>Supplier_Used__c</fullName>
    <deleteConstraint>SetNull</deleteConstraint>
    <externalId>false</externalId>
    <label>Supplier Used</label>
    <lookupFilter>
        <active>true</active>
        <filterItems>
            <field>Account.Account_Type__c</field>
            <operation>equals</operation>
            <value>Customer, Supplier, Customer / Supplier, Partner / Supplier, Customer / Partner / Supplier</value>
        </filterItems>
        <isOptional>true</isOptional>
    </lookupFilter>
    <referenceTo>Account</referenceTo>
    <relationshipLabel>Dunning (Supplier Used)</relationshipLabel>
    <relationshipName>Dunning_Provider</relationshipName>
    <required>false</required>
    <trackTrending>false</trackTrending>
    <type>Lookup</type>
</CustomField>
